"";"pc4";"woz";"urb";"gemeente2020";"COROP"
"1";"1011";509;1;"0363";"23"
"2";"1012";480;1;"0363";"23"
"3";"1013";471;1;"0363";"23"
"4";"1014";731;1;"0363";"23"
"5";"1015";532;1;"0363";"23"
"6";"1016";606;1;"0363";"23"
"7";"1017";734;1;"0363";"23"
"8";"1018";494;1;"0363";"23"
"9";"1019";531;1;"0363";"23"
"10";"1021";333;1;"0363";"23"
"11";"1022";321;1;"0363";"23"
"12";"1023";421;1;"0363";"23"
"13";"1024";329;1;"0363";"23"
"14";"1025";333;1;"0363";"23"
"15";"1026";794;5;"0363";"23"
"16";"1027";774;5;"0363";"23"
"17";"1028";828;5;"0363";"23"
"18";"1031";379;1;"0363";"23"
"19";"1032";369;1;"0363";"23"
"20";"1033";298;2;"0363";"23"
"21";"1034";339;1;"0363";"23"
"22";"1035";414;2;"0363";"23"
"23";"1036";566;1;"0363";"23"
"24";"1037";-99997;5;"0363";"23"
"25";"1041";733;5;"0363";"23"
"26";"1042";207;5;"0363";"23"
"27";"1043";191;2;"0363";"23"
"28";"1046";468;5;"0363";"23"
"29";"1047";-99997;5;"0363";"23"
"30";"1051";410;1;"0363";"23"
"31";"1052";433;1;"0363";"23"
"32";"1053";422;1;"0363";"23"
"33";"1054";570;1;"0363";"23"
"34";"1055";344;1;"0363";"23"
"35";"1056";396;1;"0363";"23"
"36";"1057";397;1;"0363";"23"
"37";"1058";479;1;"0363";"23"
"38";"1059";380;1;"0363";"23"
"39";"1060";461;1;"0363";"23"
"40";"1061";363;1;"0363";"23"
"41";"1062";293;1;"0363";"23"
"42";"1063";285;1;"0363";"23"
"43";"1064";302;1;"0363";"23"
"44";"1065";320;1;"0363";"23"
"45";"1066";435;1;"0363";"23"
"46";"1067";349;1;"0363";"23"
"47";"1068";293;1;"0363";"23"
"48";"1069";315;1;"0363";"23"
"49";"1071";1013;1;"0363";"23"
"50";"1072";446;1;"0363";"23"
"51";"1073";444;1;"0363";"23"
"52";"1074";465;1;"0363";"23"
"53";"1075";744;1;"0363";"23"
"54";"1076";491;1;"0363";"23"
"55";"1077";1183;1;"0363";"23"
"56";"1078";551;1;"0363";"23"
"57";"1079";459;1;"0363";"23"
"58";"1081";548;1;"0363";"23"
"59";"1082";492;1;"0363";"23"
"60";"1083";373;1;"0363";"23"
"61";"1086";528;3;"0363";"23"
"62";"1087";536;2;"0363";"23"
"63";"1091";441;1;"0363";"23"
"64";"1092";457;1;"0363";"23"
"65";"1093";424;1;"0363";"23"
"66";"1094";387;1;"0363";"23"
"67";"1095";375;1;"0363";"23"
"68";"1096";428;1;"0363";"23"
"69";"1097";398;1;"0363";"23"
"70";"1098";499;1;"0363";"23"
"71";"1101";-99997;3;"0363";"23"
"72";"1102";214;1;"0363";"23"
"73";"1103";298;1;"0363";"23"
"74";"1104";269;1;"0363";"23"
"75";"1105";-99997;2;"0363";"23"
"76";"1106";274;2;"0363";"23"
"77";"1107";275;2;"0363";"23"
"78";"1108";264;2;"0363";"23"
"79";"1109";401;5;"0363";"23"
"80";"1111";384;1;"0384";"23"
"81";"1112";335;1;"0384";"23"
"82";"1113";425;3;"0384";"23"
"83";"1114";510;3;"0437";"23"
"84";"1115";408;2;"0437";"23"
"85";"1117";-99997;5;"0394";"23"
"86";"1118";-99997;5;"0394";"23"
"87";"1119";-99997;5;"0394";"23"
"88";"1121";467;3;"0415";"23"
"89";"1127";731;5;"0415";"23"
"90";"1131";307;2;"0385";"23"
"91";"1132";376;3;"0385";"23"
"92";"1135";373;3;"0385";"23"
"93";"1141";367;4;"0852";"23"
"94";"1145";656;5;"0852";"23"
"95";"1151";591;5;"0852";"23"
"96";"1153";749;5;"0852";"23"
"97";"1154";660;5;"0852";"23"
"98";"1156";281;5;"0852";"23"
"99";"1161";353;3;"0394";"23"
"100";"1165";397;4;"0394";"23"
"101";"1171";464;2;"0394";"23"
"102";"1175";440;4;"0394";"23"
"103";"1181";573;1;"0362";"23"
"104";"1182";636;2;"0362";"23"
"105";"1183";422;1;"0362";"23"
"106";"1184";902;4;"0362";"23"
"107";"1185";395;1;"0362";"23"
"108";"1186";386;2;"0362";"23"
"109";"1187";506;2;"0362";"23"
"110";"1188";405;2;"0362";"23"
"111";"1189";484;5;"0362";"23"
"112";"1191";578;4;"0437";"23"
"113";"1211";304;1;"0402";"24"
"114";"1212";254;2;"0402";"24"
"115";"1213";727;2;"0402";"24"
"116";"1214";365;1;"0402";"24"
"117";"1215";398;1;"0402";"24"
"118";"1216";324;2;"0402";"24"
"119";"1217";754;2;"0402";"24"
"120";"1218";401;4;"0402";"24"
"121";"1221";307;1;"0402";"24"
"122";"1222";324;2;"0402";"24"
"123";"1223";371;1;"0402";"24"
"124";"1231";523;4;"1696";"24"
"125";"1231";523;4;"0402";"24"
"126";"1241";424;4;"1696";"24"
"127";"1243";462;4;"1696";"24"
"128";"1244";474;5;"1696";"24"
"129";"1251";793;3;"0417";"24"
"130";"1252";732;4;"0417";"24"
"131";"1261";749;3;"0376";"24"
"132";"1262";687;3;"0376";"24"
"133";"1271";400;2;"0406";"24"
"134";"1272";760;3;"0406";"24"
"135";"1273";311;2;"0406";"24"
"136";"1274";290;2;"0406";"24"
"137";"1275";301;1;"0406";"24"
"138";"1276";306;2;"0406";"24"
"139";"1277";458;2;"0406";"24"
"140";"1309";312;5;"0034";"40"
"141";"1311";295;2;"0034";"40"
"142";"1312";317;2;"0034";"40"
"143";"1313";283;3;"0034";"40"
"144";"1314";225;2;"0034";"40"
"145";"1315";234;2;"0034";"40"
"146";"1316";348;3;"0034";"40"
"147";"1317";251;3;"0034";"40"
"148";"1318";300;2;"0034";"40"
"149";"1319";458;4;"0034";"40"
"150";"1321";340;2;"0034";"40"
"151";"1323";289;2;"0034";"40"
"152";"1324";256;2;"0034";"40"
"153";"1325";308;2;"0034";"40"
"154";"1326";318;2;"0034";"40"
"155";"1328";325;2;"0034";"40"
"156";"1331";467;5;"0034";"40"
"157";"1332";432;5;"0034";"40"
"158";"1333";268;2;"0034";"40"
"159";"1334";202;2;"0034";"40"
"160";"1335";295;2;"0034";"40"
"161";"1336";339;3;"0034";"40"
"162";"1338";277;2;"0034";"40"
"163";"1339";297;2;"0034";"40"
"164";"1341";389;5;"0034";"40"
"165";"1343";618;5;"0034";"40"
"166";"1349";500;5;"0034";"40"
"167";"1351";306;3;"0034";"40"
"168";"1352";274;2;"0034";"40"
"169";"1353";220;2;"0034";"40"
"170";"1354";234;2;"0034";"40"
"171";"1355";260;2;"0034";"40"
"172";"1356";283;3;"0034";"40"
"173";"1357";270;3;"0034";"40"
"174";"1358";1131;5;"0034";"40"
"175";"1359";461;4;"0034";"40"
"176";"1361";447;3;"0034";"40"
"177";"1362";-99997;3;"0034";"40"
"178";"1363";359;2;"0034";"40"
"179";"1381";462;2;"0457";"24"
"180";"1382";350;2;"0457";"24"
"181";"1383";382;3;"0457";"24"
"182";"1384";615;2;"0457";"24"
"183";"1391";602;4;"0736";"17"
"184";"1393";525;5;"1904";"17"
"185";"1394";467;5;"1696";"24"
"186";"1396";562;5;"0736";"17"
"187";"1398";495;4;"1942";"24"
"188";"1399";483;5;"1942";"24"
"189";"1401";596;1;"1942";"24"
"190";"1402";445;1;"1942";"24"
"191";"1403";321;2;"1942";"24"
"192";"1404";384;1;"1942";"24"
"193";"1405";910;2;"1942";"24"
"194";"1406";677;2;"1942";"24"
"195";"1411";525;4;"1942";"24"
"196";"1412";614;2;"1942";"24"
"197";"1421";339;2;"0451";"23"
"198";"1422";351;2;"0451";"23"
"199";"1423";401;3;"0451";"23"
"200";"1424";400;4;"0451";"23"
"201";"1426";501;5;"0736";"17"
"202";"1427";402;4;"0736";"17"
"203";"1428";391;5;"0569";"28"
"204";"1431";401;3;"0358";"23"
"205";"1432";502;4;"0358";"23"
"206";"1433";392;4;"0358";"23"
"207";"1435";372;5;"0394";"23"
"208";"1436";342;4;"0394";"23"
"209";"1437";456;5;"0394";"23"
"210";"1438";300;5;"0394";"23"
"211";"1441";301;1;"0439";"23"
"212";"1442";262;1;"0439";"23"
"213";"1443";260;1;"0439";"23"
"214";"1444";276;2;"0439";"23"
"215";"1445";273;2;"0439";"23"
"216";"1446";303;3;"0439";"23"
"217";"1447";354;2;"0439";"23"
"218";"1448";385;2;"0439";"23"
"219";"1451";647;5;"0415";"23"
"220";"1452";407;5;"0852";"23"
"221";"1454";575;5;"0852";"23"
"222";"1456";466;5;"0880";"22"
"223";"1458";569;5;"0880";"22"
"224";"1461";520;3;"0370";"23"
"225";"1462";411;4;"0370";"23"
"226";"1463";588;5;"0370";"23"
"227";"1464";569;5;"0370";"23"
"228";"1471";496;5;"0385";"23"
"229";"1472";494;5;"0385";"23"
"230";"1473";537;5;"0385";"23"
"231";"1474";352;5;"0385";"23"
"232";"1475";407;5;"0385";"23"
"233";"1476";470;5;"0385";"23"
"234";"1477";482;5;"0385";"23"
"235";"1481";443;5;"0385";"23"
"236";"1482";558;5;"0852";"23"
"237";"1483";352;4;"0361";"19"
"238";"1484";416;5;"0361";"19"
"239";"1485";721;5;"0361";"19"
"240";"1486";390;5;"0361";"19"
"241";"1487";295;5;"0361";"19"
"242";"1488";528;5;"0361";"19"
"243";"1489";565;5;"0383";"20"
"244";"1501";266;1;"0479";"22"
"245";"1502";273;1;"0479";"22"
"246";"1503";271;1;"0479";"22"
"247";"1504";254;2;"0479";"22"
"248";"1505";273;2;"0479";"22"
"249";"1506";325;1;"0479";"22"
"250";"1507";346;2;"0479";"22"
"251";"1508";252;2;"0479";"22"
"252";"1509";329;4;"0479";"22"
"253";"1511";411;3;"0431";"23"
"254";"1521";264;2;"0479";"22"
"255";"1525";361;5;"0479";"22"
"256";"1531";323;2;"0880";"22"
"257";"1534";422;5;"0880";"22"
"258";"1536";452;5;"0361";"19"
"259";"1541";325;2;"0479";"22"
"260";"1544";308;3;"0479";"22"
"261";"1546";457;5;"0880";"22"
"262";"1551";408;5;"0479";"22"
"263";"1561";276;2;"0479";"22"
"264";"1562";348;2;"0479";"22"
"265";"1566";366;4;"0479";"22"
"266";"1567";406;2;"0479";"22"
"267";"1601";284;3;"0388";"18"
"268";"1602";257;3;"0388";"18"
"269";"1606";317;5;"0498";"18"
"270";"1607";335;5;"0498";"18"
"271";"1608";410;5;"0498";"18"
"272";"1609";393;5;"0498";"18"
"273";"1611";292;3;"0532";"18"
"274";"1613";291;3;"0532";"18"
"275";"1614";315;4;"0532";"18"
"276";"1616";316;4;"0498";"18"
"277";"1617";336;5;"0498";"18"
"278";"1619";300;5;"0420";"18"
"279";"1621";327;2;"0405";"18"
"280";"1622";237;3;"0405";"18"
"281";"1623";346;2;"0405";"18"
"282";"1624";303;2;"0405";"18"
"283";"1625";273;2;"0405";"18"
"284";"1627";-99997;4;"0405";"18"
"285";"1628";268;2;"0405";"18"
"286";"1631";363;5;"1598";"18"
"287";"1633";327;4;"1598";"18"
"288";"1634";301;5;"1598";"18"
"289";"1636";306;5;"0361";"19"
"290";"1641";287;5;"1598";"18"
"291";"1642";407;5;"1598";"18"
"292";"1643";465;5;"1598";"18"
"293";"1645";327;5;"1598";"18"
"294";"1646";466;5;"0361";"19"
"295";"1647";357;5;"1598";"18"
"296";"1648";318;4;"1598";"18"
"297";"1652";404;5;"1598";"18"
"298";"1654";396;5;"0420";"18"
"299";"1655";337;5;"0420";"18"
"300";"1657";314;5;"0420";"18"
"301";"1658";416;5;"0420";"18"
"302";"1661";365;5;"0432";"18"
"303";"1662";339;5;"0432";"18"
"304";"1663";371;5;"0432";"18"
"305";"1671";285;3;"0420";"18"
"306";"1674";328;5;"0420";"18"
"307";"1676";349;5;"0420";"18"
"308";"1678";365;5;"0420";"18"
"309";"1679";304;5;"0420";"18"
"310";"1681";390;5;"0420";"18"
"311";"1682";441;5;"0420";"18"
"312";"1683";388;5;"0420";"18"
"313";"1684";343;5;"0420";"18"
"314";"1685";380;4;"0420";"18"
"315";"1686";392;5;"0420";"18"
"316";"1687";382;4;"0420";"18"
"317";"1688";340;5;"0420";"18"
"318";"1689";296;3;"0405";"18"
"319";"1691";404;5;"0420";"18"
"320";"1692";421;5;"0420";"18"
"321";"1693";331;4;"0420";"18"
"322";"1695";356;2;"0405";"18"
"323";"1696";386;5;"0498";"18"
"324";"1697";422;5;"0498";"18"
"325";"1701";295;3;"0398";"19"
"326";"1702";272;2;"0398";"19"
"327";"1703";253;2;"0398";"19"
"328";"1704";378;4;"0398";"19"
"329";"1705";315;2;"0398";"19"
"330";"1706";363;4;"0398";"19"
"331";"1711";371;5;"1598";"18"
"332";"1713";319;4;"1598";"18"
"333";"1715";327;4;"0432";"18"
"334";"1716";292;4;"0432";"18"
"335";"1718";316;5;"0432";"18"
"336";"1719";395;5;"0432";"18"
"337";"1721";363;4;"0416";"19"
"338";"1722";352;3;"0416";"19"
"339";"1723";286;3;"0416";"19"
"340";"1724";328;4;"0416";"19"
"341";"1724";328;4;"0441";"18"
"342";"1731";313;5;"1911";"18"
"343";"1732";380;5;"1911";"18"
"344";"1733";318;5;"1911";"18"
"345";"1734";444;5;"1911";"18"
"346";"1735";323;5;"1911";"18"
"347";"1736";410;5;"1911";"18"
"348";"1738";334;5;"0441";"18"
"349";"1741";301;2;"0441";"18"
"350";"1742";296;4;"0441";"18"
"351";"1744";353;5;"0441";"18"
"352";"1746";321;5;"0441";"18"
"353";"1747";315;5;"0441";"18"
"354";"1749";337;4;"0441";"18"
"355";"1751";317;5;"0441";"18"
"356";"1752";333;5;"0441";"18"
"357";"1753";317;5;"0441";"18"
"358";"1754";338;5;"0441";"18"
"359";"1755";318;5;"0441";"18"
"360";"1756";281;5;"0441";"18"
"361";"1757";285;5;"0441";"18"
"362";"1759";314;5;"0441";"18"
"363";"1761";275;4;"1911";"18"
"364";"1764";303;5;"1911";"18"
"365";"1766";293;5;"1911";"18"
"366";"1767";285;5;"1911";"18"
"367";"1768";397;5;"1911";"18"
"368";"1769";494;5;"1911";"18"
"369";"1771";268;4;"1911";"18"
"370";"1773";186;5;"1911";"18"
"371";"1774";320;5;"1911";"18"
"372";"1775";290;5;"1911";"18"
"373";"1777";253;4;"1911";"18"
"374";"1778";309;5;"1911";"18"
"375";"1779";246;5;"1911";"18"
"376";"1781";147;2;"0400";"18"
"377";"1782";159;2;"0400";"18"
"378";"1783";175;3;"0400";"18"
"379";"1784";166;2;"0400";"18"
"380";"1785";181;3;"0400";"18"
"381";"1786";302;5;"0400";"18"
"382";"1787";310;4;"0400";"18"
"383";"1788";234;3;"0400";"18"
"384";"1789";369;5;"0400";"18"
"385";"1791";308;4;"0448";"18"
"386";"1792";333;5;"0448";"18"
"387";"1793";372;5;"0448";"18"
"388";"1794";335;5;"0448";"18"
"389";"1795";358;5;"0448";"18"
"390";"1796";375;5;"0448";"18"
"391";"1797";334;5;"0448";"18"
"392";"1811";280;1;"0361";"19"
"393";"1812";311;4;"0361";"19"
"394";"1813";243;1;"0361";"19"
"395";"1814";272;1;"0361";"19"
"396";"1815";335;1;"0361";"19"
"397";"1816";248;2;"0361";"19"
"398";"1817";338;2;"0361";"19"
"399";"1821";278;1;"0361";"19"
"400";"1822";398;2;"0361";"19"
"401";"1823";302;1;"0361";"19"
"402";"1824";253;2;"0361";"19"
"403";"1825";226;2;"0361";"19"
"404";"1826";246;2;"0361";"19"
"405";"1827";267;2;"0361";"19"
"406";"1829";334;3;"0361";"19"
"407";"1831";289;3;"0361";"19"
"408";"1832";394;5;"0416";"19"
"409";"1834";363;3;"0416";"19"
"410";"1841";340;5;"0361";"19"
"411";"1842";446;5;"0361";"19"
"412";"1843";424;5;"0361";"19"
"413";"1844";464;5;"0361";"19"
"414";"1846";419;5;"0361";"19"
"415";"1847";492;5;"0361";"19"
"416";"1851";428;3;"0399";"19"
"417";"1852";404;3;"0399";"19"
"418";"1853";505;2;"0399";"19"
"419";"1861";667;3;"0373";"19"
"420";"1862";458;3;"0373";"19"
"421";"1865";744;5;"0373";"19"
"422";"1871";495;5;"0373";"19"
"423";"1873";395;5;"0373";"19"
"424";"1901";405;2;"0383";"20"
"425";"1902";383;2;"0383";"20"
"426";"1906";447;4;"0383";"20"
"427";"1911";361;3;"0450";"20"
"428";"1921";385;4;"0383";"20"
"429";"1931";344;3;"0373";"19"
"430";"1934";390;5;"0373";"19"
"431";"1935";356;5;"0373";"19"
"432";"1941";218;1;"0375";"20"
"433";"1942";378;1;"0375";"20"
"434";"1943";324;1;"0375";"20"
"435";"1944";273;1;"0375";"20"
"436";"1945";258;1;"0375";"20"
"437";"1946";231;1;"0375";"20"
"438";"1947";257;1;"0375";"20"
"439";"1948";423;2;"0375";"20"
"440";"1949";281;5;"0375";"20"
"441";"1951";233;3;"0453";"20"
"442";"1961";336;1;"0396";"20"
"443";"1962";283;2;"0396";"20"
"444";"1963";342;2;"0396";"20"
"445";"1964";332;1;"0396";"20"
"446";"1965";413;1;"0396";"20"
"447";"1966";243;1;"0396";"20"
"448";"1967";440;3;"0396";"20"
"449";"1968";601;5;"0396";"20"
"450";"1969";492;3;"0396";"20"
"451";"1971";284;2;"0453";"20"
"452";"1972";242;1;"0453";"20"
"453";"1973";237;1;"0453";"20"
"454";"1974";259;2;"0453";"20"
"455";"1975";243;2;"0453";"20"
"456";"1976";368;3;"0453";"20"
"457";"1981";517;4;"0453";"20"
"458";"1985";541;4;"0453";"20"
"459";"1991";398;2;"0453";"20"
"460";"1992";449;3;"0453";"20"
"461";"2011";455;1;"0392";"21"
"462";"2012";641;1;"0392";"21"
"463";"2013";474;1;"0392";"21"
"464";"2014";466;1;"0392";"21"
"465";"2015";544;2;"0392";"21"
"466";"2019";521;1;"0392";"21"
"467";"2021";371;1;"0392";"21"
"468";"2022";402;1;"0392";"21"
"469";"2023";575;1;"0392";"21"
"470";"2024";457;1;"0392";"21"
"471";"2025";341;1;"0392";"21"
"472";"2026";392;2;"0392";"21"
"473";"2031";516;2;"0392";"21"
"474";"2032";353;1;"0392";"21"
"475";"2033";347;1;"0392";"21"
"476";"2034";279;1;"0392";"21"
"477";"2035";322;1;"0392";"21"
"478";"2036";297;1;"0392";"21"
"479";"2037";264;1;"0392";"21"
"480";"2041";332;2;"0473";"21"
"481";"2042";462;2;"0473";"21"
"482";"2051";873;2;"0377";"21"
"483";"2061";908;3;"0377";"21"
"484";"2063";464;5;"0392";"21"
"485";"2064";480;5;"0394";"23"
"486";"2065";635;5;"0394";"23"
"487";"2071";472;2;"0453";"20"
"488";"2082";673;3;"0453";"20"
"489";"2101";575;2;"0397";"21"
"490";"2102";768;2;"0397";"21"
"491";"2103";531;3;"0397";"21"
"492";"2104";460;4;"0397";"21"
"493";"2105";486;3;"0397";"21"
"494";"2106";762;2;"0397";"21"
"495";"2111";1262;4;"0377";"21"
"496";"2114";464;5;"0377";"21"
"497";"2114";464;5;"0397";"21"
"498";"2116";798;5;"0473";"21"
"499";"2121";515;4;"0377";"21"
"500";"2131";402;2;"0394";"23"
"501";"2132";336;2;"0394";"23"
"502";"2133";354;2;"0394";"23"
"503";"2134";398;2;"0394";"23"
"504";"2135";406;2;"0394";"23"
"505";"2136";506;4;"0394";"23"
"506";"2141";480;4;"0394";"23"
"507";"2142";509;4;"0394";"23"
"508";"2143";319;5;"0394";"23"
"509";"2144";379;3;"0394";"23"
"510";"2151";383;2;"0394";"23"
"511";"2152";402;2;"0394";"23"
"512";"2153";349;4;"0394";"23"
"513";"2154";413;5;"0394";"23"
"514";"2155";520;5;"0394";"23"
"515";"2156";389;5;"0394";"23"
"516";"2157";370;5;"0394";"23"
"517";"2158";366;5;"0394";"23"
"518";"2159";545;5;"1884";"25"
"519";"2161";368;2;"0553";"25"
"520";"2162";340;3;"0553";"25"
"521";"2163";349;2;"0553";"25"
"522";"2165";384;3;"0394";"23"
"523";"2171";378;2;"1525";"25"
"524";"2172";361;2;"1525";"25"
"525";"2181";348;2;"0534";"25"
"526";"2182";347;3;"0534";"25"
"527";"2191";383;5;"0575";"25"
"528";"2201";397;2;"0575";"25"
"529";"2202";570;2;"0575";"25"
"530";"2203";382;2;"0575";"25"
"531";"2204";715;5;"0575";"25"
"532";"2211";370;3;"0575";"25"
"533";"2212";673;4;"0575";"25"
"534";"2215";408;3;"1525";"25"
"535";"2216";399;3;"1525";"25"
"536";"2221";320;2;"0537";"25"
"537";"2222";413;2;"0537";"25"
"538";"2223";360;2;"0537";"25"
"539";"2224";353;1;"0537";"25"
"540";"2225";360;2;"0537";"25"
"541";"2231";386;2;"0537";"25"
"542";"2232";489;3;"0537";"25"
"543";"2235";419;3;"0537";"25"
"544";"2241";405;2;"0629";"26"
"545";"2242";613;2;"0629";"26"
"546";"2243";1448;5;"0629";"26"
"547";"2244";1286;5;"0629";"26"
"548";"2245";593;5;"0629";"26"
"549";"2251";433;2;"0626";"25"
"550";"2252";466;2;"0626";"25"
"551";"2253";376;2;"0626";"25"
"552";"2254";546;3;"0626";"25"
"553";"2261";389;2;"1916";"26"
"554";"2262";195;1;"1916";"26"
"555";"2263";227;2;"1916";"26"
"556";"2264";362;1;"1916";"26"
"557";"2265";388;2;"1916";"26"
"558";"2266";340;3;"1916";"26"
"559";"2267";784;3;"1916";"26"
"560";"2271";498;2;"1916";"26"
"561";"2272";392;1;"1916";"26"
"562";"2273";246;1;"1916";"26"
"563";"2274";293;1;"1916";"26"
"564";"2275";495;1;"1916";"26"
"565";"2281";437;1;"0603";"26"
"566";"2282";279;1;"0603";"26"
"567";"2283";255;1;"0603";"26"
"568";"2284";212;1;"0603";"26"
"569";"2285";305;1;"0603";"26"
"570";"2286";350;1;"0603";"26"
"571";"2287";227;1;"0603";"26"
"572";"2288";387;2;"0603";"26"
"573";"2289";406;3;"0603";"26"
"574";"2291";357;2;"1783";"27"
"575";"2292";409;2;"1783";"27"
"576";"2295";394;4;"1783";"27"
"577";"2311";436;1;"0546";"25"
"578";"2312";338;1;"0546";"25"
"579";"2313";433;1;"0546";"25"
"580";"2314";442;1;"0546";"25"
"581";"2315";273;1;"0546";"25"
"582";"2316";340;1;"0546";"25"
"583";"2317";330;1;"0546";"25"
"584";"2318";410;2;"0546";"25"
"585";"2321";265;1;"0546";"25"
"586";"2322";347;4;"0546";"25"
"587";"2323";832;3;"0546";"25"
"588";"2324";270;1;"0546";"25"
"589";"2331";353;2;"0546";"25"
"590";"2332";310;1;"0546";"25"
"591";"2333";348;2;"0546";"25"
"592";"2334";561;2;"0546";"25"
"593";"2341";553;2;"0579";"25"
"594";"2342";628;3;"0579";"25"
"595";"2343";429;2;"0579";"25"
"596";"2351";459;2;"0547";"25"
"597";"2352";312;1;"0547";"25"
"598";"2353";363;2;"0547";"25"
"599";"2355";390;5;"1884";"25"
"600";"2361";506;4;"1525";"25"
"601";"2362";496;5;"1525";"25"
"602";"2371";379;3;"1884";"25"
"603";"2374";438;5;"1884";"25"
"604";"2375";387;5;"1884";"25"
"605";"2376";416;5;"1884";"25"
"606";"2377";324;4;"1884";"25"
"607";"2381";398;4;"0638";"25"
"608";"2382";412;3;"0638";"25"
"609";"2391";376;4;"0484";"28"
"610";"2394";322;4;"0484";"28"
"611";"2396";349;4;"0484";"28"
"612";"2401";294;2;"0484";"28"
"613";"2402";250;1;"0484";"28"
"614";"2403";261;2;"0484";"28"
"615";"2404";240;2;"0484";"28"
"616";"2405";282;1;"0484";"28"
"617";"2406";314;1;"0484";"28"
"618";"2407";469;5;"0484";"28"
"619";"2408";373;2;"0484";"28"
"620";"2409";643;5;"0484";"28"
"621";"2411";327;2;"1901";"28"
"622";"2412";425;4;"1901";"28"
"623";"2415";410;5;"1901";"28"
"624";"2421";381;4;"0569";"28"
"625";"2431";421;5;"0569";"28"
"626";"2432";484;5;"0569";"28"
"627";"2435";351;5;"0569";"28"
"628";"2441";366;5;"0569";"28"
"629";"2445";449;5;"0484";"28"
"630";"2451";376;4;"1884";"25"
"631";"2461";378;5;"0569";"28"
"632";"2465";419;5;"1884";"25"
"633";"2471";439;5;"0484";"28"
"634";"2481";380;5;"1884";"25"
"635";"2491";665;3;"0518";"26"
"636";"2492";409;3;"0518";"26"
"637";"2493";449;3;"0518";"26"
"638";"2495";629;3;"0518";"26"
"639";"2496";418;2;"0518";"26"
"640";"2497";366;2;"0518";"26"
"641";"2498";492;3;"0518";"26"
"642";"2511";333;1;"0518";"26"
"643";"2512";230;1;"0518";"26"
"644";"2513";315;1;"0518";"26"
"645";"2514";528;1;"0518";"26"
"646";"2515";215;1;"0518";"26"
"647";"2516";195;1;"0518";"26"
"648";"2517";453;1;"0518";"26"
"649";"2518";352;1;"0518";"26"
"650";"2521";191;1;"0518";"26"
"651";"2522";199;1;"0518";"26"
"652";"2523";205;1;"0518";"26"
"653";"2524";226;1;"0518";"26"
"654";"2525";230;1;"0518";"26"
"655";"2526";211;1;"0518";"26"
"656";"2531";192;1;"0518";"26"
"657";"2532";178;1;"0518";"26"
"658";"2533";176;1;"0518";"26"
"659";"2541";167;1;"0518";"26"
"660";"2542";207;1;"0518";"26"
"661";"2543";189;1;"0518";"26"
"662";"2544";221;1;"0518";"26"
"663";"2545";230;1;"0518";"26"
"664";"2546";229;1;"0518";"26"
"665";"2547";213;1;"0518";"26"
"666";"2548";401;1;"0518";"26"
"667";"2551";247;1;"0518";"26"
"668";"2552";273;1;"0518";"26"
"669";"2553";383;2;"0518";"26"
"670";"2554";548;2;"0518";"26"
"671";"2555";289;1;"0518";"26"
"672";"2561";328;1;"0518";"26"
"673";"2562";245;1;"0518";"26"
"674";"2563";281;1;"0518";"26"
"675";"2564";378;1;"0518";"26"
"676";"2565";355;1;"0518";"26"
"677";"2566";629;1;"0518";"26"
"678";"2571";204;1;"0518";"26"
"679";"2572";236;1;"0518";"26"
"680";"2573";205;1;"0518";"26"
"681";"2574";215;1;"0518";"26"
"682";"2581";391;1;"0518";"26"
"683";"2582";612;1;"0518";"26"
"684";"2583";295;1;"0518";"26"
"685";"2584";356;1;"0518";"26"
"686";"2585";605;1;"0518";"26"
"687";"2586";345;1;"0518";"26"
"688";"2587";488;1;"0518";"26"
"689";"2591";230;1;"0518";"26"
"690";"2592";219;1;"0518";"26"
"691";"2593";321;1;"0518";"26"
"692";"2594";540;1;"0518";"26"
"693";"2595";338;1;"0518";"26"
"694";"2596";622;1;"0518";"26"
"695";"2597";570;2;"0518";"26"
"696";"2611";380;1;"0503";"27"
"697";"2612";311;1;"0503";"27"
"698";"2613";328;1;"0503";"27"
"699";"2614";345;1;"0503";"27"
"700";"2616";666;3;"0503";"27"
"701";"2622";283;2;"0503";"27"
"702";"2623";266;2;"0503";"27"
"703";"2624";211;1;"0503";"27"
"704";"2625";216;1;"0503";"27"
"705";"2626";853;3;"0503";"27"
"706";"2627";383;1;"0503";"27"
"707";"2628";249;1;"0503";"27"
"708";"2629";355;4;"0503";"27"
"709";"2631";447;2;"1926";"26"
"710";"2632";373;2;"1926";"26"
"711";"2635";423;2;"1842";"27"
"712";"2636";412;5;"1842";"27"
"713";"2641";376;3;"1926";"26"
"714";"2642";407;2;"1926";"26"
"715";"2643";396;2;"1926";"26"
"716";"2645";394;3;"1926";"26"
"717";"2651";394;3;"1621";"29"
"718";"2652";450;3;"1621";"29"
"719";"2661";418;3;"1621";"29"
"720";"2662";411;2;"1621";"29"
"721";"2665";392;4;"1621";"29"
"722";"2671";364;2;"1783";"27"
"723";"2672";409;2;"1783";"27"
"724";"2673";492;2;"1783";"27"
"725";"2675";378;4;"1783";"27"
"726";"2676";395;4;"1783";"27"
"727";"2678";378;3;"1783";"27"
"728";"2681";359;3;"1783";"27"
"729";"2684";259;3;"1783";"27"
"730";"2685";364;4;"1783";"27"
"731";"2691";381;2;"1783";"27"
"732";"2692";352;2;"1783";"27"
"733";"2693";418;3;"1783";"27"
"734";"2694";408;2;"1783";"27"
"735";"2711";221;1;"0637";"26"
"736";"2712";279;1;"0637";"26"
"737";"2713";243;1;"0637";"26"
"738";"2715";215;1;"0637";"26"
"739";"2716";260;1;"0637";"26"
"740";"2717";240;2;"0637";"26"
"741";"2718";307;2;"0637";"26"
"742";"2719";349;2;"0637";"26"
"743";"2721";396;2;"0637";"26"
"744";"2722";227;1;"0637";"26"
"745";"2723";265;2;"0637";"26"
"746";"2724";251;1;"0637";"26"
"747";"2725";323;2;"0637";"26"
"748";"2726";256;1;"0637";"26"
"749";"2727";272;1;"0637";"26"
"750";"2728";341;2;"0637";"26"
"751";"2729";363;2;"0637";"26"
"752";"2731";341;4;"0484";"28"
"753";"2735";449;5;"0638";"25"
"754";"2741";298;2;"0627";"28"
"755";"2742";340;2;"0627";"28"
"756";"2743";322;3;"0627";"28"
"757";"2751";373;4;"1892";"29"
"758";"2752";437;5;"1892";"29"
"759";"2761";381;4;"1892";"29"
"760";"2771";313;4;"0484";"28"
"761";"2801";275;1;"0513";"28"
"762";"2802";220;2;"0513";"28"
"763";"2803";289;2;"0513";"28"
"764";"2804";288;2;"0513";"28"
"765";"2805";283;1;"0513";"28"
"766";"2806";264;1;"0513";"28"
"767";"2807";285;2;"0513";"28"
"768";"2808";398;2;"0513";"28"
"769";"2809";451;4;"0513";"28"
"770";"2811";454;4;"1901";"28"
"771";"2821";380;5;"1931";"28"
"772";"2825";441;5;"1931";"28"
"773";"2831";290;4;"1931";"28"
"774";"2841";307;3;"1892";"29"
"775";"2851";371;5;"1931";"28"
"776";"2855";440;5;"1931";"28"
"777";"2861";374;4;"1931";"28"
"778";"2865";294;5;"1931";"28"
"779";"2871";293;3;"1931";"28"
"780";"2872";454;4;"1931";"28"
"781";"2901";348;2;"0502";"29"
"782";"2902";284;1;"0502";"29"
"783";"2903";236;1;"0502";"29"
"784";"2904";300;2;"0502";"29"
"785";"2905";222;2;"0502";"29"
"786";"2906";245;2;"0502";"29"
"787";"2907";243;2;"0502";"29"
"788";"2908";246;2;"0502";"29"
"789";"2909";372;3;"0502";"29"
"790";"2911";428;3;"1892";"29"
"791";"2912";324;2;"1892";"29"
"792";"2913";469;4;"1892";"29"
"793";"2914";300;2;"1892";"29"
"794";"2921";376;3;"0542";"29"
"795";"2922";276;2;"0542";"29"
"796";"2923";292;2;"0542";"29"
"797";"2924";347;2;"0542";"29"
"798";"2925";336;2;"0542";"29"
"799";"2926";385;2;"0542";"29"
"800";"2931";291;4;"1931";"28"
"801";"2935";327;5;"1931";"28"
"802";"2941";314;4;"1931";"28"
"803";"2951";258;2;"0482";"30"
"804";"2952";507;4;"0482";"30"
"805";"2953";249;3;"0482";"30"
"806";"2954";329;2;"0482";"30"
"807";"2957";280;4;"1978";"30"
"808";"2959";343;5;"1978";"30"
"809";"2961";277;4;"1978";"30"
"810";"2964";341;5;"1978";"30"
"811";"2965";290;5;"1978";"30"
"812";"2967";335;5;"1978";"30"
"813";"2968";416;5;"1978";"30"
"814";"2969";388;5;"1978";"30"
"815";"2971";344;5;"1978";"30"
"816";"2973";375;5;"1978";"30"
"817";"2974";383;5;"1978";"30"
"818";"2975";421;5;"1978";"30"
"819";"2977";401;5;"1978";"30"
"820";"2981";259;2;"0597";"29"
"821";"2982";238;2;"0597";"29"
"822";"2983";295;3;"0597";"29"
"823";"2984";360;2;"0597";"29"
"824";"2985";273;2;"0597";"29"
"825";"2986";294;2;"0597";"29"
"826";"2987";260;2;"0597";"29"
"827";"2988";391;5;"0597";"29"
"828";"2989";382;4;"0597";"29"
"829";"2991";353;2;"0489";"29"
"830";"2992";356;2;"0489";"29"
"831";"2993";388;2;"0489";"29"
"832";"2994";394;2;"0489";"29"
"833";"2995";331;4;"0642";"30"
"834";"3011";371;1;"0599";"29"
"835";"3012";332;1;"0599";"29"
"836";"3013";371;1;"0599";"29"
"837";"3014";273;1;"0599";"29"
"838";"3015";377;1;"0599";"29"
"839";"3016";512;1;"0599";"29"
"840";"3021";313;1;"0599";"29"
"841";"3022";285;1;"0599";"29"
"842";"3023";302;1;"0599";"29"
"843";"3024";280;1;"0599";"29"
"844";"3025";220;1;"0599";"29"
"845";"3026";212;1;"0599";"29"
"846";"3027";229;1;"0599";"29"
"847";"3028";169;1;"0599";"29"
"848";"3029";186;1;"0599";"29"
"849";"3031";272;1;"0599";"29"
"850";"3032";285;1;"0599";"29"
"851";"3033";304;1;"0599";"29"
"852";"3034";268;1;"0599";"29"
"853";"3035";267;1;"0599";"29"
"854";"3036";269;1;"0599";"29"
"855";"3037";328;1;"0599";"29"
"856";"3038";264;1;"0599";"29"
"857";"3039";331;1;"0599";"29"
"858";"3041";-99997;2;"0599";"29"
"859";"3042";236;2;"0599";"29"
"860";"3043";276;2;"0599";"29"
"861";"3044";373;3;"0599";"29"
"862";"3045";600;4;"0599";"29"
"863";"3046";526;5;"0599";"29"
"864";"3047";586;4;"0599";"29"
"865";"3051";353;1;"0599";"29"
"866";"3052";279;1;"0599";"29"
"867";"3053";319;2;"0599";"29"
"868";"3054";477;2;"0599";"29"
"869";"3055";606;2;"0599";"29"
"870";"3056";435;4;"0599";"29"
"871";"3059";480;3;"0599";"29"
"872";"3061";311;1;"0599";"29"
"873";"3062";586;1;"0599";"29"
"874";"3063";281;1;"0599";"29"
"875";"3064";252;2;"0599";"29"
"876";"3065";483;2;"0599";"29"
"877";"3066";296;1;"0599";"29"
"878";"3067";236;1;"0599";"29"
"879";"3068";245;1;"0599";"29"
"880";"3069";255;1;"0599";"29"
"881";"3071";298;1;"0599";"29"
"882";"3072";317;1;"0599";"29"
"883";"3073";179;1;"0599";"29"
"884";"3074";185;1;"0599";"29"
"885";"3075";217;1;"0599";"29"
"886";"3076";200;1;"0599";"29"
"887";"3077";230;2;"0599";"29"
"888";"3078";213;1;"0599";"29"
"889";"3079";211;1;"0599";"29"
"890";"3081";167;1;"0599";"29"
"891";"3082";183;1;"0599";"29"
"892";"3083";161;1;"0599";"29"
"893";"3084";230;2;"0599";"29"
"894";"3085";203;1;"0599";"29"
"895";"3086";203;1;"0599";"29"
"896";"3087";244;2;"0599";"29"
"897";"3088";243;5;"0599";"29"
"898";"3089";240;5;"0599";"29"
"899";"3111";273;1;"0606";"29"
"900";"3112";206;1;"0606";"29"
"901";"3113";346;1;"0606";"29"
"902";"3114";219;2;"0606";"29"
"903";"3115";-99997;4;"0606";"29"
"904";"3116";367;1;"0606";"29"
"905";"3117";217;1;"0606";"29"
"906";"3118";232;1;"0606";"29"
"907";"3119";210;1;"0606";"29"
"908";"3121";339;2;"0606";"29"
"909";"3122";197;1;"0606";"29"
"910";"3123";282;1;"0606";"29"
"911";"3124";368;2;"0606";"29"
"912";"3125";417;3;"0606";"29"
"913";"3131";210;1;"0622";"29"
"914";"3132";206;2;"0622";"29"
"915";"3133";248;2;"0622";"29"
"916";"3134";259;1;"0622";"29"
"917";"3135";280;1;"0622";"29"
"918";"3136";241;1;"0622";"29"
"919";"3137";280;2;"0622";"29"
"920";"3138";603;3;"0622";"29"
"921";"3141";226;2;"0556";"29"
"922";"3142";248;2;"0556";"29"
"923";"3143";263;2;"0556";"29"
"924";"3144";262;2;"0556";"29"
"925";"3145";278;2;"0556";"29"
"926";"3146";298;3;"0556";"29"
"927";"3147";500;2;"0556";"29"
"928";"3151";266;3;"0599";"29"
"929";"3155";418;4;"1842";"27"
"930";"3161";369;4;"0613";"29"
"931";"3162";390;3;"0613";"29"
"932";"3171";322;3;"0613";"29"
"933";"3172";382;4;"0613";"29"
"934";"3176";389;4;"0613";"29"
"935";"3181";230;3;"0599";"29"
"936";"3191";248;2;"0599";"29"
"937";"3192";226;2;"0599";"29"
"938";"3193";231;2;"0599";"29"
"939";"3194";247;2;"0599";"29"
"940";"3195";239;4;"0599";"29"
"941";"3199";-99997;5;"0599";"29"
"942";"3201";235;1;"1930";"29"
"943";"3202";194;2;"1930";"29"
"944";"3203";215;1;"1930";"29"
"945";"3204";200;1;"1930";"29"
"946";"3205";236;2;"1930";"29"
"947";"3206";199;2;"1930";"29"
"948";"3207";290;2;"1930";"29"
"949";"3208";223;2;"1930";"29"
"950";"3209";361;4;"1930";"29"
"951";"3211";263;5;"1930";"29"
"952";"3212";295;5;"1930";"29"
"953";"3214";311;4;"1930";"29"
"954";"3216";335;5;"1930";"29"
"955";"3218";269;5;"1930";"29"
"956";"3221";276;3;"0530";"29"
"957";"3222";253;3;"0530";"29"
"958";"3223";329;2;"0530";"29"
"959";"3224";239;2;"0530";"29"
"960";"3225";215;2;"0530";"29"
"961";"3227";376;5;"0530";"29"
"962";"3231";323;3;"0501";"29"
"963";"3232";288;3;"0501";"29"
"964";"3233";445;4;"0614";"29"
"965";"3234";447;5;"0614";"29"
"966";"3235";410;4;"0614";"29"
"967";"3237";354;5;"0501";"29"
"968";"3238";314;5;"0501";"29"
"969";"3241";280;3;"1924";"29"
"970";"3243";264;5;"1924";"29"
"971";"3244";277;5;"1924";"29"
"972";"3245";262;3;"1924";"29"
"973";"3247";287;4;"1924";"29"
"974";"3248";278;5;"1924";"29"
"975";"3249";241;5;"1924";"29"
"976";"3251";271;4;"1924";"29"
"977";"3252";353;5;"1924";"29"
"978";"3253";422;5;"1924";"29"
"979";"3255";260;4;"1924";"29"
"980";"3256";256;5;"1924";"29"
"981";"3257";240;5;"1924";"29"
"982";"3258";247;5;"1924";"29"
"983";"3261";336;3;"1963";"29"
"984";"3262";301;2;"1963";"29"
"985";"3263";300;3;"1963";"29"
"986";"3264";328;5;"1963";"29"
"987";"3265";272;5;"1963";"29"
"988";"3267";276;5;"1963";"29"
"989";"3271";399;5;"1963";"29"
"990";"3273";310;5;"1963";"29"
"991";"3274";307;5;"1963";"29"
"992";"3281";327;4;"1963";"29"
"993";"3284";304;5;"1963";"29"
"994";"3286";305;5;"1963";"29"
"995";"3291";282;4;"1963";"29"
"996";"3292";266;5;"1963";"29"
"997";"3293";245;5;"1963";"29"
"998";"3295";279;4;"1963";"29"
"999";"3297";289;4;"1963";"29"
"1000";"3299";361;5;"1963";"29"
"1001";"3311";263;1;"0505";"30"
"1002";"3312";249;1;"0505";"30"
"1003";"3313";189;3;"0505";"30"
"1004";"3314";192;1;"0505";"30"
"1005";"3315";274;2;"0505";"30"
"1006";"3316";354;5;"0505";"30"
"1007";"3317";184;1;"0505";"30"
"1008";"3318";204;2;"0505";"30"
"1009";"3319";362;2;"0505";"30"
"1010";"3328";252;2;"0505";"30"
"1011";"3329";504;4;"0505";"30"
"1012";"3331";235;1;"0642";"30"
"1013";"3332";263;1;"0642";"30"
"1014";"3333";210;2;"0642";"30"
"1015";"3334";255;2;"0642";"30"
"1016";"3335";306;3;"0642";"30"
"1017";"3336";318;3;"0642";"30"
"1018";"3341";312;2;"0531";"30"
"1019";"3342";322;3;"0531";"30"
"1020";"3343";293;2;"0531";"30"
"1021";"3344";390;2;"0531";"30"
"1022";"3351";269;2;"0590";"30"
"1023";"3352";279;2;"0590";"30"
"1024";"3353";239;2;"0590";"30"
"1025";"3354";261;2;"0590";"30"
"1026";"3355";292;2;"0590";"30"
"1027";"3356";338;4;"0590";"30"
"1028";"3361";288;2;"0610";"30"
"1029";"3362";231;2;"0610";"30"
"1030";"3363";267;3;"0610";"30"
"1031";"3364";355;3;"0610";"30"
"1032";"3366";376;5;"1978";"30"
"1033";"3371";292;3;"0523";"30"
"1034";"3372";277;4;"0523";"30"
"1035";"3373";329;4;"0523";"30"
"1036";"3381";412;5;"1978";"30"
"1037";"3401";360;2;"0353";"17"
"1038";"3402";305;2;"0353";"17"
"1039";"3403";400;3;"0353";"17"
"1040";"3404";362;2;"0353";"17"
"1041";"3405";413;5;"0331";"17"
"1042";"3411";365;5;"0331";"17"
"1043";"3412";398;5;"0331";"17"
"1044";"3413";336;5;"0331";"17"
"1045";"3415";420;5;"0331";"17"
"1046";"3417";377;4;"0335";"17"
"1047";"3421";348;4;"0589";"17"
"1048";"3425";543;5;"0589";"17"
"1049";"3431";253;1;"0356";"17"
"1050";"3432";250;2;"0356";"17"
"1051";"3433";309;3;"0356";"17"
"1052";"3434";297;2;"0356";"17"
"1053";"3435";291;2;"0356";"17"
"1054";"3436";300;2;"0356";"17"
"1055";"3437";323;2;"0356";"17"
"1056";"3438";323;2;"0356";"17"
"1057";"3439";216;4;"0356";"17"
"1058";"3441";318;2;"0632";"17"
"1059";"3442";297;2;"0632";"17"
"1060";"3443";313;2;"0632";"17"
"1061";"3444";604;4;"0632";"17"
"1062";"3445";378;3;"0632";"17"
"1063";"3446";435;3;"0632";"17"
"1064";"3447";276;4;"0632";"17"
"1065";"3448";310;2;"0632";"17"
"1066";"3449";362;2;"0632";"17"
"1067";"3451";490;3;"0344";"17"
"1068";"3452";490;2;"0344";"17"
"1069";"3453";423;2;"0344";"17"
"1070";"3454";474;2;"0344";"17"
"1071";"3455";682;5;"0344";"17"
"1072";"3461";351;5;"0335";"17"
"1073";"3464";495;5;"0589";"17"
"1074";"3465";390;5;"1901";"28"
"1075";"3466";405;5;"1901";"28"
"1076";"3467";433;5;"0589";"17"
"1077";"3471";392;5;"0632";"17"
"1078";"3474";375;5;"0632";"17"
"1079";"3481";382;4;"0632";"17"
"1080";"3511";479;1;"0344";"17"
"1081";"3512";500;1;"0344";"17"
"1082";"3513";379;1;"0344";"17"
"1083";"3514";484;1;"0344";"17"
"1084";"3515";394;1;"0344";"17"
"1085";"3521";409;1;"0344";"17"
"1086";"3522";388;1;"0344";"17"
"1087";"3523";331;1;"0344";"17"
"1088";"3524";307;2;"0344";"17"
"1089";"3525";367;1;"0344";"17"
"1090";"3526";253;1;"0344";"17"
"1091";"3527";258;1;"0344";"17"
"1092";"3528";611;3;"0344";"17"
"1093";"3531";354;1;"0344";"17"
"1094";"3532";360;1;"0344";"17"
"1095";"3533";454;1;"0344";"17"
"1096";"3534";391;2;"0344";"17"
"1097";"3541";424;2;"0344";"17"
"1098";"3542";523;4;"0344";"17"
"1099";"3543";441;2;"0344";"17"
"1100";"3544";455;2;"0344";"17"
"1101";"3545";579;4;"0344";"17"
"1102";"3546";998;5;"0344";"17"
"1103";"3551";337;1;"0344";"17"
"1104";"3552";346;1;"0344";"17"
"1105";"3553";335;1;"0344";"17"
"1106";"3554";338;1;"0344";"17"
"1107";"3555";335;2;"0344";"17"
"1108";"3561";264;1;"0344";"17"
"1109";"3562";211;1;"0344";"17"
"1110";"3563";266;1;"0344";"17"
"1111";"3564";255;1;"0344";"17"
"1112";"3565";405;3;"0344";"17"
"1113";"3566";770;2;"0344";"17"
"1114";"3571";518;1;"0344";"17"
"1115";"3572";495;1;"0344";"17"
"1116";"3573";437;2;"0344";"17"
"1117";"3581";561;1;"0344";"17"
"1118";"3582";370;1;"0344";"17"
"1119";"3583";663;1;"0344";"17"
"1120";"3584";376;3;"0344";"17"
"1121";"3585";674;4;"0344";"17"
"1122";"3601";372;3;"1904";"17"
"1123";"3602";501;3;"1904";"17"
"1124";"3603";534;2;"1904";"17"
"1125";"3604";485;3;"1904";"17"
"1126";"3605";253;2;"1904";"17"
"1127";"3606";199;3;"1904";"17"
"1128";"3607";331;2;"1904";"17"
"1129";"3608";310;3;"1904";"17"
"1130";"3611";640;4;"1904";"17"
"1131";"3612";425;5;"1904";"17"
"1132";"3615";539;5;"0310";"17"
"1133";"3621";392;4;"1904";"17"
"1134";"3625";1239;5;"1696";"24"
"1135";"3626";421;5;"1904";"17"
"1136";"3628";396;5;"1904";"17"
"1137";"3631";769;5;"1904";"17"
"1138";"3632";525;4;"1904";"17"
"1139";"3633";477;5;"1904";"17"
"1140";"3634";463;5;"1904";"17"
"1141";"3641";337;3;"0736";"17"
"1142";"3642";354;3;"0736";"17"
"1143";"3643";394;4;"0736";"17"
"1144";"3645";477;4;"0736";"17"
"1145";"3646";505;5;"0736";"17"
"1146";"3648";407;4;"0736";"17"
"1147";"3651";684;5;"0569";"28"
"1148";"3651";684;5;"0632";"17"
"1149";"3652";448;5;"0569";"28"
"1150";"3653";429;5;"0569";"28"
"1151";"3701";408;2;"0355";"17"
"1152";"3702";393;1;"0355";"17"
"1153";"3703";428;2;"0355";"17"
"1154";"3704";351;2;"0355";"17"
"1155";"3705";388;2;"0355";"17"
"1156";"3706";232;3;"0355";"17"
"1157";"3707";707;2;"0355";"17"
"1158";"3708";449;3;"0355";"17"
"1159";"3709";412;5;"0355";"17"
"1160";"3711";449;5;"0355";"17"
"1161";"3712";531;4;"0355";"17"
"1162";"3721";373;2;"0310";"17"
"1163";"3722";481;3;"0310";"17"
"1164";"3723";641;3;"0310";"17"
"1165";"3731";438;2;"0310";"17"
"1166";"3732";357;2;"0310";"17"
"1167";"3734";515;4;"0355";"17"
"1168";"3735";1208;5;"0355";"17"
"1169";"3737";648;5;"0310";"17"
"1170";"3738";367;4;"0310";"17"
"1171";"3739";601;5;"0310";"17"
"1172";"3741";377;2;"0308";"17"
"1173";"3742";360;2;"0308";"17"
"1174";"3743";567;2;"0308";"17"
"1175";"3744";317;5;"0308";"17"
"1176";"3749";718;5;"0308";"17"
"1177";"3751";380;3;"0313";"17"
"1178";"3752";361;3;"0313";"17"
"1179";"3754";563;5;"0313";"17"
"1180";"3755";444;4;"0317";"17"
"1181";"3761";460;3;"0342";"17"
"1182";"3762";347;2;"0342";"17"
"1183";"3763";431;3;"0342";"17"
"1184";"3764";357;3;"0342";"17"
"1185";"3765";280;2;"0342";"17"
"1186";"3766";380;2;"0342";"17"
"1187";"3768";555;4;"0342";"17"
"1188";"3769";342;4;"0342";"17"
"1189";"3771";361;3;"0203";"13"
"1190";"3772";331;3;"0203";"13"
"1191";"3773";374;4;"0203";"13"
"1192";"3774";442;5;"0203";"13"
"1193";"3775";576;5;"0203";"13"
"1194";"3776";420;5;"0203";"13"
"1195";"3781";387;4;"0203";"13"
"1196";"3784";482;5;"0203";"13"
"1197";"3785";428;5;"0203";"13"
"1198";"3791";436;5;"0327";"17"
"1199";"3792";533;5;"0203";"13"
"1200";"3794";450;5;"0203";"13"
"1201";"3811";324;1;"0307";"17"
"1202";"3812";307;2;"0307";"17"
"1203";"3813";318;1;"0307";"17"
"1204";"3814";286;1;"0307";"17"
"1205";"3815";281;1;"0307";"17"
"1206";"3816";307;1;"0307";"17"
"1207";"3817";422;1;"0307";"17"
"1208";"3818";596;2;"0307";"17"
"1209";"3819";324;4;"0307";"17"
"1210";"3821";239;3;"0307";"17"
"1211";"3822";348;2;"0307";"17"
"1212";"3823";352;2;"0307";"17"
"1213";"3824";356;2;"0307";"17"
"1214";"3825";432;2;"0307";"17"
"1215";"3826";413;3;"0307";"17"
"1216";"3828";406;2;"0307";"17"
"1217";"3829";463;3;"0307";"17"
"1218";"3831";369;2;"0327";"17"
"1219";"3832";502;4;"0327";"17"
"1220";"3833";361;3;"0327";"17"
"1221";"3834";352;3;"0327";"17"
"1222";"3835";580;5;"0327";"17"
"1223";"3836";656;5;"0307";"17"
"1224";"3841";302;2;"0243";"13"
"1225";"3842";260;2;"0243";"13"
"1226";"3843";269;2;"0243";"13"
"1227";"3844";281;2;"0243";"13"
"1228";"3845";364;3;"0243";"13"
"1229";"3846";456;4;"0243";"13"
"1230";"3847";439;4;"0243";"13"
"1231";"3848";353;3;"0243";"13"
"1232";"3849";454;5;"0243";"13"
"1233";"3851";357;3;"0233";"13"
"1234";"3852";438;4;"0233";"13"
"1235";"3853";351;4;"0233";"13"
"1236";"3861";352;3;"0267";"13"
"1237";"3862";372;3;"0267";"13"
"1238";"3863";381;3;"0267";"13"
"1239";"3864";462;5;"0267";"13"
"1240";"3871";418;4;"0267";"13"
"1241";"3881";438;4;"0273";"13"
"1242";"3882";389;4;"0273";"13"
"1243";"3886";486;5;"0203";"13"
"1244";"3888";455;5;"0200";"13"
"1245";"3891";277;3;"0050";"40"
"1246";"3892";305;4;"0050";"40"
"1247";"3893";321;3;"0050";"40"
"1248";"3894";351;4;"0050";"40"
"1249";"3896";876;5;"0050";"40"
"1250";"3897";848;5;"0050";"40"
"1251";"3898";875;5;"0050";"40"
"1252";"3899";331;5;"0050";"40"
"1253";"3901";228;1;"0345";"17"
"1254";"3902";295;2;"0345";"17"
"1255";"3903";327;2;"0345";"17"
"1256";"3904";334;2;"0345";"17"
"1257";"3905";272;2;"0345";"17"
"1258";"3906";360;3;"0345";"17"
"1259";"3907";414;4;"0345";"17"
"1260";"3911";358;3;"0340";"17"
"1261";"3912";296;3;"0340";"17"
"1262";"3921";360;4;"0340";"17"
"1263";"3922";543;5;"0340";"17"
"1264";"3925";347;4;"0279";"13"
"1265";"3927";403;4;"0339";"17"
"1266";"3931";395;4;"0351";"17"
"1267";"3941";451;4;"1581";"17"
"1268";"3945";388;5;"0352";"17"
"1269";"3947";438;5;"0352";"17"
"1270";"3951";455;5;"1581";"17"
"1271";"3953";471;5;"1581";"17"
"1272";"3956";398;4;"1581";"17"
"1273";"3958";361;4;"1581";"17"
"1274";"3959";529;5;"1581";"17"
"1275";"3961";330;3;"0352";"17"
"1276";"3962";357;3;"0352";"17"
"1277";"3971";501;3;"1581";"17"
"1278";"3972";386;3;"1581";"17"
"1279";"3981";454;4;"0312";"17"
"1280";"3984";414;4;"0312";"17"
"1281";"3985";431;5;"0312";"17"
"1282";"3989";378;5;"1961";"17"
"1283";"3991";449;2;"0321";"17"
"1284";"3992";409;2;"0321";"17"
"1285";"3993";341;2;"0321";"17"
"1286";"3994";441;2;"0321";"17"
"1287";"3995";310;2;"0321";"17"
"1288";"3997";488;5;"0321";"17"
"1289";"3998";472;5;"0321";"17"
"1290";"3999";480;5;"0321";"17"
"1291";"4001";211;2;"0281";"16"
"1292";"4002";331;2;"0281";"16"
"1293";"4003";273;3;"0281";"16"
"1294";"4004";531;5;"0281";"16"
"1295";"4005";248;2;"0281";"16"
"1296";"4006";201;3;"0281";"16"
"1297";"4007";319;3;"0281";"16"
"1298";"4011";410;5;"0214";"16"
"1299";"4012";383;5;"0214";"16"
"1300";"4013";414;5;"0281";"16"
"1301";"4014";389;5;"0281";"16"
"1302";"4016";441;5;"0214";"16"
"1303";"4017";820;4;"0281";"16"
"1304";"4021";345;5;"0214";"16"
"1305";"4023";391;5;"0214";"16"
"1306";"4024";397;5;"0214";"16"
"1307";"4031";394;5;"0214";"16"
"1308";"4032";451;5;"0214";"16"
"1309";"4033";361;5;"0214";"16"
"1310";"4041";323;4;"1740";"16"
"1311";"4043";303;4;"1740";"16"
"1312";"4051";299;5;"1740";"16"
"1313";"4053";310;5;"1740";"16"
"1314";"4054";334;5;"1740";"16"
"1315";"4061";378;5;"1960";"16"
"1316";"4062";501;5;"0281";"16"
"1317";"4062";501;5;"1960";"16"
"1318";"4063";385;5;"1960";"16"
"1319";"4064";365;5;"1960";"16"
"1320";"4101";313;2;"0216";"16"
"1321";"4102";247;2;"0216";"16"
"1322";"4103";325;2;"0216";"16"
"1323";"4104";351;4;"0216";"16"
"1324";"4105";340;3;"0216";"16"
"1325";"4106";362;4;"0216";"16"
"1326";"4107";562;5;"0216";"16"
"1327";"4111";397;5;"0214";"16"
"1328";"4112";399;5;"0214";"16"
"1329";"4115";460;5;"0214";"16"
"1330";"4116";354;5;"0214";"16"
"1331";"4117";448;5;"0214";"16"
"1332";"4119";419;5;"0214";"16"
"1333";"4121";400;5;"1961";"17"
"1334";"4122";403;5;"1961";"17"
"1335";"4124";454;5;"1961";"17"
"1336";"4125";458;5;"1961";"17"
"1337";"4126";395;5;"1961";"17"
"1338";"4128";379;5;"1961";"17"
"1339";"4131";241;3;"1961";"17"
"1340";"4132";338;3;"1961";"17"
"1341";"4133";336;4;"1961";"17"
"1342";"4141";292;2;"1961";"17"
"1343";"4142";264;3;"1961";"17"
"1344";"4143";324;3;"1961";"17"
"1345";"4145";372;5;"1961";"17"
"1346";"4147";315;4;"1960";"16"
"1347";"4151";416;5;"1960";"16"
"1348";"4152";400;5;"1960";"16"
"1349";"4153";366;5;"1960";"16"
"1350";"4155";432;5;"1960";"16"
"1351";"4156";453;5;"1960";"16"
"1352";"4157";392;5;"1960";"16"
"1353";"4158";395;5;"1960";"16"
"1354";"4161";324;5;"1960";"16"
"1355";"4163";443;5;"1961";"17"
"1356";"4171";342;5;"1960";"16"
"1357";"4174";373;5;"1960";"16"
"1358";"4175";317;5;"1960";"16"
"1359";"4176";393;5;"1960";"16"
"1360";"4181";326;5;"1960";"16"
"1361";"4182";496;5;"1960";"16"
"1362";"4184";359;5;"1960";"16"
"1363";"4185";418;5;"1960";"16"
"1364";"4191";331;4;"1960";"16"
"1365";"4194";365;4;"1960";"16"
"1366";"4196";350;5;"1960";"16"
"1367";"4197";390;5;"1960";"16"
"1368";"4197";390;5;"0214";"16"
"1369";"4201";244;2;"0512";"30"
"1370";"4202";260;4;"0512";"30"
"1371";"4203";198;2;"0512";"30"
"1372";"4204";170;2;"0512";"30"
"1373";"4205";242;2;"0512";"30"
"1374";"4206";253;2;"0512";"30"
"1375";"4207";323;3;"0512";"30"
"1376";"4208";388;4;"0512";"30"
"1377";"4209";371;5;"1978";"30"
"1378";"4211";353;5;"1960";"16"
"1379";"4212";546;5;"1960";"16"
"1380";"4213";355;4;"0512";"30"
"1381";"4214";307;5;"1960";"16"
"1382";"4221";380;5;"1978";"30"
"1383";"4223";374;5;"1978";"30"
"1384";"4225";398;5;"1978";"30"
"1385";"4231";352;5;"1961";"17"
"1386";"4233";313;5;"1961";"17"
"1387";"4235";423;5;"1961";"17"
"1388";"4241";307;5;"1978";"30"
"1389";"4243";407;5;"1961";"17"
"1390";"4245";426;5;"1961";"17"
"1391";"4247";385;5;"1961";"17"
"1392";"4251";301;4;"1959";"34"
"1393";"4254";338;4;"1959";"34"
"1394";"4255";296;5;"1959";"34"
"1395";"4261";336;4;"1959";"34"
"1396";"4264";315;5;"1959";"34"
"1397";"4265";327;5;"1959";"34"
"1398";"4266";317;5;"1959";"34"
"1399";"4267";414;5;"1959";"34"
"1400";"4268";316;5;"1959";"34"
"1401";"4269";420;5;"1959";"34"
"1402";"4271";332;5;"1959";"34"
"1403";"4273";304;5;"1959";"34"
"1404";"4281";321;5;"1959";"34"
"1405";"4283";298;5;"1959";"34"
"1406";"4284";316;5;"1959";"34"
"1407";"4285";320;4;"1959";"34"
"1408";"4286";340;5;"1959";"34"
"1409";"4287";367;5;"1959";"34"
"1410";"4288";427;5;"1959";"34"
"1411";"4301";231;3;"1676";"32"
"1412";"4302";324;4;"1676";"32"
"1413";"4303";368;5;"1676";"32"
"1414";"4305";296;5;"1676";"32"
"1415";"4306";270;5;"1676";"32"
"1416";"4307";252;5;"1676";"32"
"1417";"4308";281;5;"1676";"32"
"1418";"4311";284;5;"1676";"32"
"1419";"4315";290;5;"1676";"32"
"1420";"4316";280;5;"1676";"32"
"1421";"4317";390;5;"1676";"32"
"1422";"4318";234;5;"1676";"32"
"1423";"4321";325;5;"1676";"32"
"1424";"4322";294;5;"1676";"32"
"1425";"4323";354;5;"1676";"32"
"1426";"4325";359;5;"1676";"32"
"1427";"4326";352;5;"1676";"32"
"1428";"4327";302;5;"1676";"32"
"1429";"4328";444;5;"1676";"32"
"1430";"4331";235;1;"0687";"32"
"1431";"4332";259;2;"0687";"32"
"1432";"4333";281;3;"0687";"32"
"1433";"4334";237;3;"0687";"32"
"1434";"4335";203;2;"0687";"32"
"1435";"4336";222;2;"0687";"32"
"1436";"4337";212;2;"0687";"32"
"1437";"4338";256;5;"0687";"32"
"1438";"4339";225;5;"0687";"32"
"1439";"4341";246;4;"0687";"32"
"1440";"4351";337;5;"0717";"32"
"1441";"4352";350;5;"0717";"32"
"1442";"4353";307;5;"0717";"32"
"1443";"4354";324;5;"0717";"32"
"1444";"4356";416;5;"0717";"32"
"1445";"4357";465;5;"0717";"32"
"1446";"4361";254;5;"0717";"32"
"1447";"4363";335;5;"0717";"32"
"1448";"4364";317;5;"0717";"32"
"1449";"4365";298;5;"0717";"32"
"1450";"4371";314;5;"0717";"32"
"1451";"4373";340;5;"0717";"32"
"1452";"4374";328;5;"0717";"32"
"1453";"4381";169;2;"0718";"32"
"1454";"4382";195;1;"0718";"32"
"1455";"4383";158;2;"0718";"32"
"1456";"4384";237;3;"0718";"32"
"1457";"4385";199;2;"0718";"32"
"1458";"4386";282;3;"0718";"32"
"1459";"4387";317;3;"0718";"32"
"1460";"4388";184;2;"0718";"32"
"1461";"4389";315;5;"0718";"32"
"1462";"4401";248;4;"0703";"32"
"1463";"4411";221;5;"0703";"32"
"1464";"4413";221;4;"0703";"32"
"1465";"4414";267;5;"0703";"32"
"1466";"4415";281;5;"0703";"32"
"1467";"4416";242;5;"0703";"32"
"1468";"4417";194;5;"0703";"32"
"1469";"4421";297;4;"0678";"32"
"1470";"4423";256;5;"0678";"32"
"1471";"4424";278;5;"0678";"32"
"1472";"4431";249;5;"0654";"32"
"1473";"4433";239;5;"0654";"32"
"1474";"4434";269;5;"0654";"32"
"1475";"4435";285;5;"0654";"32"
"1476";"4436";290;5;"0654";"32"
"1477";"4437";232;5;"0654";"32"
"1478";"4438";288;5;"0654";"32"
"1479";"4441";263;5;"0654";"32"
"1480";"4443";316;5;"0654";"32"
"1481";"4444";318;5;"0654";"32"
"1482";"4451";286;4;"0654";"32"
"1483";"4453";244;5;"0654";"32"
"1484";"4454";229;5;"0654";"32"
"1485";"4455";256;5;"0654";"32"
"1486";"4456";260;5;"0654";"32"
"1487";"4458";288;5;"0664";"32"
"1488";"4461";229;2;"0664";"32"
"1489";"4462";251;2;"0664";"32"
"1490";"4463";226;3;"0664";"32"
"1491";"4464";359;4;"0664";"32"
"1492";"4465";722;5;"0664";"32"
"1493";"4471";261;5;"0664";"32"
"1494";"4472";317;5;"0664";"32"
"1495";"4474";327;5;"0664";"32"
"1496";"4475";331;5;"0664";"32"
"1497";"4481";307;3;"0664";"32"
"1498";"4482";-99997;5;"0678";"32"
"1499";"4484";279;5;"1695";"32"
"1500";"4485";258;5;"1695";"32"
"1501";"4486";203;5;"1695";"32"
"1502";"4491";223;5;"1695";"32"
"1503";"4493";337;5;"1695";"32"
"1504";"4494";215;5;"1695";"32"
"1505";"4501";224;4;"1714";"31"
"1506";"4503";284;5;"1714";"31"
"1507";"4504";295;5;"1714";"31"
"1508";"4505";266;5;"1714";"31"
"1509";"4506";416;5;"1714";"31"
"1510";"4507";217;5;"1714";"31"
"1511";"4508";271;5;"1714";"31"
"1512";"4511";250;4;"1714";"31"
"1513";"4513";220;5;"1714";"31"
"1514";"4515";257;5;"1714";"31"
"1515";"4521";214;5;"0715";"31"
"1516";"4522";407;5;"1714";"31"
"1517";"4524";287;5;"1714";"31"
"1518";"4525";513;5;"1714";"31"
"1519";"4527";241;5;"1714";"31"
"1520";"4528";360;5;"1714";"31"
"1521";"4529";273;5;"1714";"31"
"1522";"4531";146;3;"0715";"31"
"1523";"4532";198;2;"0715";"31"
"1524";"4533";374;4;"0715";"31"
"1525";"4535";244;3;"0715";"31"
"1526";"4536";169;3;"0715";"31"
"1527";"4537";176;2;"0715";"31"
"1528";"4538";234;4;"0715";"31"
"1529";"4539";273;5;"0715";"31"
"1530";"4541";164;5;"0715";"31"
"1531";"4542";189;5;"0715";"31"
"1532";"4543";224;5;"0715";"31"
"1533";"4551";168;4;"0715";"31"
"1534";"4553";233;5;"0715";"31"
"1535";"4554";211;5;"0715";"31"
"1536";"4561";242;4;"0677";"31"
"1537";"4562";398;5;"0677";"31"
"1538";"4564";242;4;"0677";"31"
"1539";"4565";322;5;"0677";"31"
"1540";"4566";324;5;"0677";"31"
"1541";"4567";235;5;"0677";"31"
"1542";"4568";241;5;"0677";"31"
"1543";"4569";218;5;"0677";"31"
"1544";"4571";199;4;"0715";"31"
"1545";"4574";255;5;"0715";"31"
"1546";"4575";311;5;"0715";"31"
"1547";"4576";254;5;"0715";"31"
"1548";"4581";231;5;"0677";"31"
"1549";"4583";221;5;"0677";"31"
"1550";"4584";251;5;"0677";"31"
"1551";"4585";254;5;"0677";"31"
"1552";"4586";236;5;"0677";"31"
"1553";"4587";217;5;"0677";"31"
"1554";"4588";249;5;"0677";"31"
"1555";"4589";278;5;"0677";"31"
"1556";"4611";249;1;"0748";"33"
"1557";"4612";344;4;"0748";"33"
"1558";"4613";266;2;"0748";"33"
"1559";"4614";291;2;"0748";"33"
"1560";"4615";236;1;"0748";"33"
"1561";"4616";393;2;"0748";"33"
"1562";"4617";330;3;"0748";"33"
"1563";"4621";200;1;"0748";"33"
"1564";"4622";339;2;"0748";"33"
"1565";"4623";218;2;"0748";"33"
"1566";"4624";227;2;"0748";"33"
"1567";"4625";273;3;"0748";"33"
"1568";"4631";284;4;"0873";"33"
"1569";"4634";329;5;"0873";"33"
"1570";"4635";339;5;"0873";"33"
"1571";"4641";306;4;"0873";"33"
"1572";"4645";264;4;"0873";"33"
"1573";"4651";279;4;"0851";"33"
"1574";"4652";342;3;"0851";"33"
"1575";"4655";333;5;"0851";"33"
"1576";"4661";320;4;"0748";"33"
"1577";"4664";324;5;"0748";"33"
"1578";"4671";269;4;"0851";"33"
"1579";"4675";226;5;"0716";"32"
"1580";"4681";272;5;"0851";"33"
"1581";"4691";257;4;"0716";"32"
"1582";"4693";232;5;"0716";"32"
"1583";"4694";219;5;"0716";"32"
"1584";"4695";200;5;"0716";"32"
"1585";"4696";197;5;"0716";"32"
"1586";"4697";215;4;"0716";"32"
"1587";"4698";230;5;"0716";"32"
"1588";"4701";231;1;"1674";"33"
"1589";"4702";209;2;"1674";"33"
"1590";"4703";196;2;"1674";"33"
"1591";"4704";272;5;"1674";"33"
"1592";"4705";358;4;"1674";"33"
"1593";"4706";308;3;"1674";"33"
"1594";"4707";236;2;"1674";"33"
"1595";"4708";316;3;"1674";"33"
"1596";"4709";366;5;"1674";"33"
"1597";"4711";285;3;"0840";"33"
"1598";"4714";336;4;"0840";"33"
"1599";"4715";332;5;"0840";"33"
"1600";"4715";332;5;"1674";"33"
"1601";"4721";368;5;"0840";"33"
"1602";"4722";560;5;"0840";"33"
"1603";"4724";311;4;"1674";"33"
"1604";"4725";399;5;"1674";"33"
"1605";"4726";339;5;"1674";"33"
"1606";"4727";400;5;"1674";"33"
"1607";"4731";259;3;"1655";"33"
"1608";"4735";307;5;"0840";"33"
"1609";"4741";362;4;"1655";"33"
"1610";"4744";348;5;"1655";"33"
"1611";"4751";323;4;"1655";"33"
"1612";"4754";255;5;"1655";"33"
"1613";"4756";350;5;"0851";"33"
"1614";"4758";297;5;"1709";"33"
"1615";"4759";323;5;"1709";"33"
"1616";"4761";274;3;"1709";"33"
"1617";"4762";356;4;"1709";"33"
"1618";"4765";363;5;"1709";"33"
"1619";"4766";-99997;5;"1719";"33"
"1620";"4771";320;5;"1709";"33"
"1621";"4772";338;5;"1709";"33"
"1622";"4781";253;5;"1709";"33"
"1623";"4782";255;5;"1709";"33"
"1624";"4791";262;4;"1709";"33"
"1625";"4793";273;4;"1709";"33"
"1626";"4794";335;5;"1709";"33"
"1627";"4796";379;5;"1709";"33"
"1628";"4797";300;5;"1709";"33"
"1629";"4811";280;1;"0758";"33"
"1630";"4812";254;1;"0758";"33"
"1631";"4813";337;2;"0758";"33"
"1632";"4814";255;1;"0758";"33"
"1633";"4815";326;2;"0758";"33"
"1634";"4816";249;1;"0758";"33"
"1635";"4817";275;2;"0758";"33"
"1636";"4818";473;1;"0758";"33"
"1637";"4819";375;1;"0758";"33"
"1638";"4822";264;3;"0758";"33"
"1639";"4823";322;3;"0758";"33"
"1640";"4824";274;3;"0758";"33"
"1641";"4825";472;4;"0758";"33"
"1642";"4826";217;2;"0758";"33"
"1643";"4827";234;2;"0758";"33"
"1644";"4834";357;2;"0758";"33"
"1645";"4835";522;1;"0758";"33"
"1646";"4836";656;5;"0758";"33"
"1647";"4837";626;2;"0758";"33"
"1648";"4838";534;5;"0758";"33"
"1649";"4839";625;5;"0758";"33"
"1650";"4841";420;3;"0758";"33"
"1651";"4844";319;4;"1719";"33"
"1652";"4845";384;5;"1719";"33"
"1653";"4847";441;4;"0758";"33"
"1654";"4849";402;5;"0826";"33"
"1655";"4851";518;4;"0758";"33"
"1656";"4854";490;4;"0758";"33"
"1657";"4855";443;5;"1723";"34"
"1658";"4856";526;5;"1723";"34"
"1659";"4858";633;5;"1723";"34"
"1660";"4859";533;5;"1723";"34"
"1661";"4861";385;5;"1723";"34"
"1662";"4871";328;2;"0777";"33"
"1663";"4872";269;2;"0777";"33"
"1664";"4873";333;2;"0777";"33"
"1665";"4874";340;3;"0777";"33"
"1666";"4875";284;2;"0777";"33"
"1667";"4876";307;2;"0777";"33"
"1668";"4877";390;5;"0777";"33"
"1669";"4878";-99997;5;"0777";"33"
"1670";"4879";387;4;"0777";"33"
"1671";"4881";320;4;"0879";"33"
"1672";"4882";415;5;"0879";"33"
"1673";"4884";313;5;"0879";"33"
"1674";"4885";396;5;"0879";"33"
"1675";"4891";412;5;"0879";"33"
"1676";"4901";278;2;"0826";"33"
"1677";"4902";280;2;"0826";"33"
"1678";"4903";377;5;"0826";"33"
"1679";"4904";306;3;"0826";"33"
"1680";"4905";319;2;"0826";"33"
"1681";"4906";372;4;"0826";"33"
"1682";"4907";277;2;"0826";"33"
"1683";"4908";290;3;"0826";"33"
"1684";"4909";451;5;"0826";"33"
"1685";"4911";525;5;"0826";"33"
"1686";"4921";336;3;"1719";"33"
"1687";"4924";420;5;"1719";"33"
"1688";"4926";310;5;"1719";"33"
"1689";"4927";340;5;"1719";"33"
"1690";"4931";264;3;"0779";"33"
"1691";"4941";294;3;"0779";"33"
"1692";"4942";302;3;"0779";"33"
"1693";"4944";364;5;"0779";"33"
"1694";"5011";204;1;"0855";"34"
"1695";"5012";265;2;"0855";"34"
"1696";"5013";239;1;"0855";"34"
"1697";"5014";234;1;"0855";"34"
"1698";"5015";413;4;"0855";"34"
"1699";"5017";321;1;"0855";"34"
"1700";"5018";350;2;"0855";"34"
"1701";"5021";219;1;"0855";"34"
"1702";"5022";240;2;"0855";"34"
"1703";"5025";209;1;"0855";"34"
"1704";"5026";496;3;"0855";"34"
"1705";"5032";457;3;"0855";"34"
"1706";"5035";315;3;"0855";"34"
"1707";"5036";394;3;"0855";"34"
"1708";"5037";271;1;"0855";"34"
"1709";"5038";233;1;"0855";"34"
"1710";"5041";232;1;"0855";"34"
"1711";"5042";205;1;"0855";"34"
"1712";"5043";247;2;"0855";"34"
"1713";"5044";222;2;"0855";"34"
"1714";"5045";315;2;"0855";"34"
"1715";"5046";221;1;"0855";"34"
"1716";"5047";473;4;"0855";"34"
"1717";"5048";726;4;"0855";"34"
"1718";"5049";207;2;"0855";"34"
"1719";"5051";340;3;"0785";"34"
"1720";"5052";331;3;"0785";"34"
"1721";"5053";407;4;"0785";"34"
"1722";"5056";420;4;"0855";"34"
"1723";"5057";362;3;"0855";"34"
"1724";"5059";622;5;"0824";"34"
"1725";"5061";327;3;"0824";"34"
"1726";"5062";660;4;"0824";"34"
"1727";"5063";347;3;"0824";"34"
"1728";"5066";422;4;"0824";"34"
"1729";"5071";398;4;"0855";"34"
"1730";"5074";358;5;"0788";"35"
"1731";"5076";398;5;"0788";"35"
"1732";"5081";379;4;"0798";"34"
"1733";"5084";426;5;"0798";"34"
"1734";"5085";391;5;"0798";"34"
"1735";"5087";396;5;"0798";"34"
"1736";"5089";420;5;"0798";"34"
"1737";"5091";405;5;"0823";"36"
"1738";"5091";405;5;"0798";"34"
"1739";"5094";393;5;"1667";"36"
"1740";"5095";414;5;"1667";"36"
"1741";"5096";447;5;"1667";"36"
"1742";"5101";258;3;"0766";"34"
"1743";"5102";299;3;"0766";"34"
"1744";"5103";322;3;"0766";"34"
"1745";"5104";286;2;"0766";"34"
"1746";"5105";485;5;"0766";"34"
"1747";"5106";449;5;"0766";"34"
"1748";"5107";817;5;"0766";"34"
"1749";"5109";350;5;"0766";"34"
"1750";"5111";349;5;"0744";"34"
"1751";"5113";406;5;"0744";"34"
"1752";"5114";494;5;"0744";"34"
"1753";"5121";290;3;"0784";"34"
"1754";"5122";315;3;"0784";"34"
"1755";"5124";450;5;"0784";"34"
"1756";"5125";526;5;"0784";"34"
"1757";"5126";326;4;"0784";"34"
"1758";"5131";369;5;"1723";"34"
"1759";"5133";426;5;"0785";"34"
"1760";"5141";295;2;"0867";"34"
"1761";"5142";242;2;"0867";"34"
"1762";"5143";324;2;"0867";"34"
"1763";"5144";293;2;"0867";"34"
"1764";"5145";533;5;"0867";"34"
"1765";"5146";332;3;"0867";"34"
"1766";"5151";330;3;"0797";"35"
"1767";"5152";327;2;"0797";"35"
"1768";"5154";413;5;"0797";"35"
"1769";"5156";242;5;"0797";"35"
"1770";"5157";409;5;"0797";"35"
"1771";"5158";485;5;"0797";"35"
"1772";"5161";316;4;"0867";"34"
"1773";"5165";332;5;"0867";"34"
"1774";"5171";306;3;"0809";"34"
"1775";"5172";304;3;"0809";"34"
"1776";"5175";326;4;"0809";"34"
"1777";"5176";443;5;"0809";"34"
"1778";"5211";381;1;"0796";"35"
"1779";"5212";355;1;"0796";"35"
"1780";"5213";275;1;"0796";"35"
"1781";"5215";279;1;"0796";"35"
"1782";"5216";358;2;"0796";"35"
"1783";"5221";437;5;"0796";"35"
"1784";"5222";309;3;"0796";"35"
"1785";"5223";288;2;"0796";"35"
"1786";"5224";244;2;"0796";"35"
"1787";"5231";263;2;"0796";"35"
"1788";"5232";610;3;"0796";"35"
"1789";"5233";269;2;"0796";"35"
"1790";"5234";321;3;"0796";"35"
"1791";"5235";282;2;"0796";"35"
"1792";"5236";419;4;"0796";"35"
"1793";"5237";356;3;"0796";"35"
"1794";"5241";382;2;"0796";"35"
"1795";"5242";502;3;"0796";"35"
"1796";"5243";389;2;"0796";"35"
"1797";"5244";362;4;"0796";"35"
"1798";"5245";415;4;"0796";"35"
"1799";"5246";325;3;"0796";"35"
"1800";"5247";383;3;"0796";"35"
"1801";"5248";588;5;"0796";"35"
"1802";"5249";555;5;"0796";"35"
"1803";"5251";348;3;"0797";"35"
"1804";"5252";309;3;"0797";"35"
"1805";"5253";390;4;"0797";"35"
"1806";"5254";441;5;"0797";"35"
"1807";"5255";457;5;"0797";"35"
"1808";"5256";349;5;"0797";"35"
"1809";"5257";498;5;"0797";"35"
"1810";"5258";403;4;"0845";"35"
"1811";"5261";398;3;"0865";"35"
"1812";"5262";359;2;"0865";"35"
"1813";"5263";751;4;"0865";"35"
"1814";"5264";620;4;"0865";"35"
"1815";"5266";603;5;"0865";"35"
"1816";"5268";404;5;"0788";"35"
"1817";"5271";383;4;"0845";"35"
"1818";"5272";305;4;"0845";"35"
"1819";"5275";403;4;"0845";"35"
"1820";"5281";321;3;"0757";"35"
"1821";"5282";283;3;"0757";"35"
"1822";"5283";311;3;"0757";"35"
"1823";"5291";421;5;"0845";"35"
"1824";"5292";610;5;"0845";"35"
"1825";"5293";415;5;"0845";"35"
"1826";"5294";587;5;"0845";"35"
"1827";"5296";373;5;"0788";"35"
"1828";"5298";424;5;"0757";"35"
"1829";"5301";297;3;"0297";"16"
"1830";"5302";325;3;"0297";"16"
"1831";"5305";331;5;"0297";"16"
"1832";"5306";314;5;"0297";"16"
"1833";"5307";357;5;"0297";"16"
"1834";"5308";303;5;"0297";"16"
"1835";"5311";349;5;"0297";"16"
"1836";"5313";348;5;"0297";"16"
"1837";"5314";379;5;"0297";"16"
"1838";"5315";405;5;"0297";"16"
"1839";"5316";395;5;"0297";"16"
"1840";"5317";343;5;"0297";"16"
"1841";"5318";451;5;"0297";"16"
"1842";"5321";355;4;"0263";"16"
"1843";"5324";342;5;"0263";"16"
"1844";"5325";370;5;"0263";"16"
"1845";"5327";405;5;"0263";"16"
"1846";"5328";347;5;"0263";"16"
"1847";"5331";325;4;"0263";"16"
"1848";"5333";449;5;"0263";"16"
"1849";"5334";434;5;"0263";"16"
"1850";"5335";333;5;"0263";"16"
"1851";"5341";230;1;"0828";"35"
"1852";"5342";297;2;"0828";"35"
"1853";"5343";272;3;"0828";"35"
"1854";"5344";231;2;"0828";"35"
"1855";"5345";283;2;"0828";"35"
"1856";"5346";306;2;"0828";"35"
"1857";"5347";407;4;"0828";"35"
"1858";"5348";227;2;"0828";"35"
"1859";"5349";352;4;"0828";"35"
"1860";"5351";355;4;"0828";"35"
"1861";"5352";414;5;"0828";"35"
"1862";"5353";449;5;"0828";"35"
"1863";"5354";459;5;"0828";"35"
"1864";"5355";443;5;"0828";"35"
"1865";"5356";499;5;"0828";"35"
"1866";"5357";392;5;"0828";"35"
"1867";"5358";517;5;"0828";"35"
"1868";"5359";482;5;"0828";"35"
"1869";"5361";256;4;"0786";"35"
"1870";"5363";428;5;"0786";"35"
"1871";"5364";388;5;"0786";"35"
"1872";"5366";321;5;"0828";"35"
"1873";"5367";358;5;"0828";"35"
"1874";"5368";382;5;"0828";"35"
"1875";"5371";303;5;"0828";"35"
"1876";"5373";336;5;"0828";"35"
"1877";"5374";379;4;"1685";"35"
"1878";"5375";396;5;"1685";"35"
"1879";"5381";433;5;"0796";"35"
"1880";"5382";369;5;"0796";"35"
"1881";"5383";548;5;"0796";"35"
"1882";"5383";548;5;"1721";"35"
"1883";"5384";359;4;"1721";"35"
"1884";"5386";383;4;"0828";"35"
"1885";"5388";375;4;"1721";"35"
"1886";"5391";384;5;"0796";"35"
"1887";"5392";413;5;"0796";"35"
"1888";"5394";354;5;"0828";"35"
"1889";"5395";497;5;"0828";"35"
"1890";"5396";428;5;"0828";"35"
"1891";"5397";339;5;"0828";"35"
"1892";"5398";394;5;"0828";"35"
"1893";"5401";265;2;"0856";"35"
"1894";"5402";288;2;"0856";"35"
"1895";"5403";311;3;"0856";"35"
"1896";"5404";370;2;"0856";"35"
"1897";"5405";253;4;"0856";"35"
"1898";"5406";429;4;"0856";"35"
"1899";"5408";363;5;"0856";"35"
"1900";"5409";372;5;"0856";"35"
"1901";"5411";378;5;"1685";"35"
"1902";"5421";311;3;"1652";"36"
"1903";"5422";343;4;"1652";"36"
"1904";"5423";353;5;"1652";"36"
"1905";"5424";401;5;"1652";"36"
"1906";"5425";426;5;"1652";"36"
"1907";"5427";341;4;"0755";"35"
"1908";"5428";359;5;"0755";"35"
"1909";"5431";241;3;"1684";"35"
"1910";"5432";299;3;"1684";"35"
"1911";"5433";378;4;"1684";"35"
"1912";"5434";355;5;"1684";"35"
"1913";"5435";383;5;"1684";"35"
"1914";"5437";349;5;"1684";"35"
"1915";"5438";363;5;"0786";"35"
"1916";"5439";434;5;"1684";"35"
"1917";"5441";330;5;"0756";"35"
"1918";"5443";335;5;"1684";"35"
"1919";"5445";368;5;"1702";"35"
"1920";"5446";341;5;"1702";"35"
"1921";"5447";346;5;"0756";"35"
"1922";"5449";413;5;"1702";"35"
"1923";"5451";317;5;"0815";"35"
"1924";"5453";368;5;"0815";"35"
"1925";"5454";315;5;"0815";"35"
"1926";"5455";353;5;"0815";"35"
"1927";"5461";282;2;"1948";"35"
"1928";"5462";286;3;"1948";"35"
"1929";"5463";281;3;"1948";"35"
"1930";"5464";377;4;"1948";"35"
"1931";"5465";447;5;"1948";"35"
"1932";"5466";408;5;"1948";"35"
"1933";"5467";298;2;"1948";"35"
"1934";"5469";385;5;"1948";"35"
"1935";"5471";486;5;"1721";"35"
"1936";"5472";406;5;"1721";"35"
"1937";"5473";387;4;"1721";"35"
"1938";"5476";400;5;"1721";"35"
"1939";"5481";354;3;"1948";"35"
"1940";"5482";334;3;"1948";"35"
"1941";"5491";406;4;"1948";"35"
"1942";"5492";365;4;"1948";"35"
"1943";"5501";283;2;"0861";"36"
"1944";"5502";425;2;"0861";"36"
"1945";"5503";318;2;"0861";"36"
"1946";"5504";416;3;"0861";"36"
"1947";"5504";416;3;"0770";"36"
"1948";"5505";343;2;"0861";"36"
"1949";"5506";355;2;"0861";"36"
"1950";"5507";526;4;"0861";"36"
"1951";"5508";380;2;"0861";"36"
"1952";"5509";432;2;"0861";"36"
"1953";"5511";476;5;"0770";"36"
"1954";"5512";424;5;"0770";"36"
"1955";"5513";415;5;"0770";"36"
"1956";"5521";376;4;"0770";"36"
"1957";"5524";401;5;"0770";"36"
"1958";"5525";408;5;"0770";"36"
"1959";"5527";364;4;"1728";"36"
"1960";"5528";420;5;"1728";"36"
"1961";"5529";429;5;"1728";"36"
"1962";"5531";350;4;"1728";"36"
"1963";"5534";431;5;"1728";"36"
"1964";"5541";361;4;"1667";"36"
"1965";"5551";327;3;"0858";"36"
"1966";"5552";284;2;"0858";"36"
"1967";"5553";378;3;"0858";"36"
"1968";"5554";327;2;"0858";"36"
"1969";"5555";337;3;"0858";"36"
"1970";"5556";492;5;"0858";"36"
"1971";"5561";471;5;"1724";"36"
"1972";"5563";391;5;"1724";"36"
"1973";"5571";372;4;"1724";"36"
"1974";"5575";363;5;"1724";"36"
"1975";"5581";430;4;"0866";"36"
"1976";"5582";436;4;"0866";"36"
"1977";"5583";392;4;"0866";"36"
"1978";"5591";397;4;"1658";"36"
"1979";"5595";437;5;"1658";"36"
"1980";"5611";338;1;"0772";"36"
"1981";"5612";230;1;"0772";"36"
"1982";"5613";385;1;"0772";"36"
"1983";"5614";324;1;"0772";"36"
"1984";"5615";358;1;"0772";"36"
"1985";"5616";297;1;"0772";"36"
"1986";"5617";297;1;"0772";"36"
"1987";"5621";262;1;"0772";"36"
"1988";"5622";269;1;"0772";"36"
"1989";"5623";247;1;"0772";"36"
"1990";"5624";304;2;"0772";"36"
"1991";"5625";257;1;"0772";"36"
"1992";"5626";493;4;"0772";"36"
"1993";"5627";324;2;"0772";"36"
"1994";"5628";286;1;"0772";"36"
"1995";"5629";463;2;"0772";"36"
"1996";"5631";404;2;"0772";"36"
"1997";"5632";291;2;"0772";"36"
"1998";"5633";588;4;"0772";"36"
"1999";"5641";266;2;"0772";"36"
"2000";"5642";279;2;"0772";"36"
"2001";"5643";299;1;"0772";"36"
"2002";"5644";407;2;"0772";"36"
"2003";"5645";354;2;"0772";"36"
"2004";"5646";435;2;"0772";"36"
"2005";"5647";964;4;"0772";"36"
"2006";"5651";379;2;"0772";"36"
"2007";"5652";258;2;"0772";"36"
"2008";"5653";275;2;"0772";"36"
"2009";"5654";265;2;"0772";"36"
"2010";"5655";344;3;"0772";"36"
"2011";"5657";563;5;"0772";"36"
"2012";"5658";422;3;"0772";"36"
"2013";"5661";468;4;"1771";"36"
"2014";"5662";337;3;"1771";"36"
"2015";"5663";381;3;"1771";"36"
"2016";"5664";293;2;"1771";"36"
"2017";"5665";237;2;"1771";"36"
"2018";"5666";300;2;"1771";"36"
"2019";"5667";309;3;"1771";"36"
"2020";"5671";395;3;"0820";"36"
"2021";"5672";353;3;"0820";"36"
"2022";"5673";416;3;"0820";"36"
"2023";"5674";472;5;"0820";"36"
"2024";"5681";556;5;"0753";"36"
"2025";"5682";373;3;"0753";"36"
"2026";"5683";327;2;"0753";"36"
"2027";"5684";330;2;"0753";"36"
"2028";"5685";422;3;"0753";"36"
"2029";"5688";424;4;"0823";"36"
"2030";"5689";421;4;"0823";"36"
"2031";"5691";424;4;"0848";"36"
"2032";"5692";417;4;"0848";"36"
"2033";"5692";417;4;"0820";"36"
"2034";"5694";341;4;"0848";"36"
"2035";"5701";188;1;"0794";"36"
"2036";"5702";213;2;"0794";"36"
"2037";"5703";196;2;"0794";"36"
"2038";"5704";265;3;"0794";"36"
"2039";"5705";212;2;"0794";"36"
"2040";"5706";331;3;"0794";"36"
"2041";"5707";324;2;"0794";"36"
"2042";"5708";425;4;"0794";"36"
"2043";"5709";294;3;"0794";"36"
"2044";"5711";330;3;"0847";"36"
"2045";"5712";363;4;"0847";"36"
"2046";"5715";415;5;"0847";"36"
"2047";"5721";348;3;"0743";"36"
"2048";"5722";274;4;"0743";"36"
"2049";"5724";509;5;"0743";"36"
"2050";"5725";441;5;"0743";"36"
"2051";"5731";375;4;"1771";"36"
"2052";"5735";350;4;"1659";"36"
"2053";"5737";375;5;"1659";"36"
"2054";"5738";419;5;"1659";"36"
"2055";"5741";308;4;"1659";"36"
"2056";"5751";313;3;"0762";"36"
"2057";"5752";452;5;"0762";"36"
"2058";"5753";359;4;"0762";"36"
"2059";"5754";338;3;"0762";"36"
"2060";"5756";413;5;"0762";"36"
"2061";"5757";352;5;"0762";"36"
"2062";"5758";333;5;"0762";"36"
"2063";"5759";340;5;"0762";"36"
"2064";"5761";362;5;"1652";"36"
"2065";"5763";378;5;"1652";"36"
"2066";"5764";344;5;"1652";"36"
"2067";"5766";315;5;"1507";"37"
"2068";"5768";319;4;"1894";"37"
"2069";"5801";256;3;"0984";"37"
"2070";"5802";228;2;"0984";"37"
"2071";"5803";248;3;"0984";"37"
"2072";"5804";375;4;"0984";"37"
"2073";"5807";300;5;"0984";"37"
"2074";"5808";307;5;"0984";"37"
"2075";"5809";328;5;"0984";"37"
"2076";"5811";329;5;"0984";"37"
"2077";"5812";356;5;"0984";"37"
"2078";"5813";363;5;"0984";"37"
"2079";"5814";376;5;"0984";"37"
"2080";"5815";352;5;"0984";"37"
"2081";"5816";382;5;"0984";"37"
"2082";"5817";399;5;"0984";"37"
"2083";"5821";285;5;"0756";"35"
"2084";"5823";301;5;"0756";"35"
"2085";"5824";347;5;"0756";"35"
"2086";"5825";348;5;"0756";"35"
"2087";"5826";390;5;"0756";"35"
"2088";"5827";351;5;"0756";"35"
"2089";"5831";272;3;"0756";"35"
"2090";"5835";357;5;"0756";"35"
"2091";"5836";318;5;"0756";"35"
"2092";"5841";358;5;"1702";"35"
"2093";"5843";359;5;"1702";"35"
"2094";"5844";344;5;"1702";"35"
"2095";"5845";310;5;"1702";"35"
"2096";"5846";399;5;"1702";"35"
"2097";"5851";293;5;"0893";"37"
"2098";"5853";281;5;"0893";"37"
"2099";"5854";259;4;"0893";"37"
"2100";"5855";302;5;"0893";"37"
"2101";"5856";316;5;"0893";"37"
"2102";"5861";282;5;"0984";"37"
"2103";"5862";304;5;"0984";"37"
"2104";"5863";234;5;"0984";"37"
"2105";"5864";289;5;"1507";"37"
"2106";"5865";271;5;"1507";"37"
"2107";"5866";313;5;"1507";"37"
"2108";"5871";283;5;"1507";"37"
"2109";"5872";298;5;"1507";"37"
"2110";"5911";222;1;"0983";"37"
"2111";"5912";229;2;"0983";"37"
"2112";"5913";283;2;"0983";"37"
"2113";"5914";207;2;"0983";"37"
"2114";"5915";269;3;"0983";"37"
"2115";"5916";372;4;"0983";"37"
"2116";"5921";207;1;"0983";"37"
"2117";"5922";178;2;"0983";"37"
"2118";"5923";185;2;"0983";"37"
"2119";"5924";202;2;"0983";"37"
"2120";"5925";200;3;"0983";"37"
"2121";"5926";390;4;"0983";"37"
"2122";"5927";358;5;"0983";"37"
"2123";"5928";311;4;"0983";"37"
"2124";"5931";235;3;"0983";"37"
"2125";"5932";195;4;"0983";"37"
"2126";"5935";242;4;"0983";"37"
"2127";"5941";303;5;"0983";"37"
"2128";"5943";287;5;"0983";"37"
"2129";"5944";320;5;"0983";"37"
"2130";"5951";256;4;"0983";"37"
"2131";"5953";239;4;"0889";"37"
"2132";"5954";308;5;"0889";"37"
"2133";"5961";286;3;"1507";"37"
"2134";"5962";328;5;"1507";"37"
"2135";"5963";300;5;"1507";"37"
"2136";"5964";337;5;"1507";"37"
"2137";"5966";305;5;"1507";"37"
"2138";"5971";269;4;"1507";"37"
"2139";"5973";304;5;"1507";"37"
"2140";"5975";304;4;"1507";"37"
"2141";"5976";307;5;"1507";"37"
"2142";"5977";413;5;"1507";"37"
"2143";"5981";268;4;"1894";"37"
"2144";"5984";311;5;"1894";"37"
"2145";"5985";314;5;"1894";"37"
"2146";"5986";322;5;"1894";"37"
"2147";"5987";353;5;"1894";"37"
"2148";"5988";303;4;"1894";"37"
"2149";"5991";298;4;"1894";"37"
"2150";"5993";305;5;"1894";"37"
"2151";"5995";292;5;"1894";"37"
"2152";"6001";253;2;"0988";"38"
"2153";"6002";283;4;"0988";"38"
"2154";"6003";375;4;"0988";"38"
"2155";"6004";242;3;"0988";"38"
"2156";"6005";289;4;"0988";"38"
"2157";"6006";274;3;"0988";"38"
"2158";"6011";298;5;"1640";"38"
"2159";"6012";346;5;"1640";"38"
"2160";"6013";319;5;"1640";"38"
"2161";"6014";265;5;"1640";"38"
"2162";"6015";264;5;"1640";"38"
"2163";"6017";275;5;"1641";"38"
"2164";"6019";248;5;"1641";"38"
"2165";"6021";316;4;"1706";"36"
"2166";"6023";286;5;"1706";"36"
"2167";"6024";300;5;"1706";"36"
"2168";"6026";340;4;"1706";"36"
"2169";"6027";395;5;"1706";"36"
"2170";"6028";422;5;"1706";"36"
"2171";"6029";445;5;"1658";"36"
"2172";"6031";308;4;"0946";"38"
"2173";"6034";334;5;"0946";"38"
"2174";"6035";325;5;"0946";"38"
"2175";"6037";325;5;"1640";"38"
"2176";"6039";273;4;"0988";"38"
"2177";"6041";270;2;"0957";"38"
"2178";"6042";250;2;"0957";"38"
"2179";"6043";189;2;"0957";"38"
"2180";"6044";173;2;"0957";"38"
"2181";"6045";208;3;"0957";"38"
"2182";"6049";326;4;"0957";"38"
"2183";"6051";253;4;"1641";"38"
"2184";"6061";245;5;"1669";"38"
"2185";"6063";243;5;"1669";"38"
"2186";"6065";288;5;"1669";"38"
"2187";"6067";262;5;"1641";"38"
"2188";"6071";249;4;"0957";"38"
"2189";"6074";264;5;"1669";"38"
"2190";"6075";265;5;"1669";"38"
"2191";"6077";262;5;"1669";"38"
"2192";"6081";253;4;"1640";"38"
"2193";"6082";290;5;"1640";"38"
"2194";"6083";276;5;"1640";"38"
"2195";"6085";278;5;"1640";"38"
"2196";"6086";285;5;"1640";"38"
"2197";"6088";297;5;"1640";"38"
"2198";"6089";303;5;"1640";"38"
"2199";"6091";332;5;"0946";"38"
"2200";"6092";299;5;"0946";"38"
"2201";"6093";271;4;"1640";"38"
"2202";"6095";290;5;"1640";"38"
"2203";"6096";293;5;"1640";"38"
"2204";"6097";311;5;"1641";"38"
"2205";"6099";286;5;"1641";"38"
"2206";"6101";243;3;"1711";"38"
"2207";"6102";286;4;"1711";"38"
"2208";"6104";283;5;"1711";"38"
"2209";"6105";328;5;"1711";"38"
"2210";"6107";275;5;"1641";"38"
"2211";"6109";305;5;"1641";"38"
"2212";"6111";288;5;"1711";"38"
"2213";"6112";312;5;"1711";"38"
"2214";"6114";249;4;"1711";"38"
"2215";"6116";265;5;"1711";"38"
"2216";"6118";251;5;"1711";"38"
"2217";"6121";255;4;"1883";"39"
"2218";"6122";228;4;"1883";"39"
"2219";"6123";240;5;"1883";"39"
"2220";"6124";287;5;"1883";"39"
"2221";"6125";247;5;"1883";"39"
"2222";"6127";238;5;"1883";"39"
"2223";"6129";247;5;"0971";"39"
"2224";"6131";211;2;"1883";"39"
"2225";"6132";310;3;"1883";"39"
"2226";"6133";265;3;"1883";"39"
"2227";"6134";185;3;"1883";"39"
"2228";"6135";211;3;"1883";"39"
"2229";"6136";198;2;"1883";"39"
"2230";"6137";193;2;"1883";"39"
"2231";"6141";263;4;"1883";"39"
"2232";"6142";273;5;"1883";"39"
"2233";"6143";249;5;"1883";"39"
"2234";"6151";258;4;"1883";"39"
"2235";"6153";371;5;"1883";"39"
"2236";"6155";273;5;"1954";"39"
"2237";"6161";168;2;"1883";"39"
"2238";"6162";208;2;"1883";"39"
"2239";"6163";174;3;"1883";"39"
"2240";"6164";185;2;"1883";"39"
"2241";"6165";198;2;"1883";"39"
"2242";"6166";208;2;"1883";"39"
"2243";"6167";495;5;"1883";"39"
"2244";"6171";234;3;"0971";"39"
"2245";"6174";345;5;"1954";"39"
"2246";"6176";268;5;"0888";"39"
"2247";"6181";256;4;"0971";"39"
"2248";"6191";247;3;"0888";"39"
"2249";"6211";280;1;"0935";"39"
"2250";"6212";486;2;"0935";"39"
"2251";"6213";343;2;"0935";"39"
"2252";"6214";210;1;"0935";"39"
"2253";"6215";236;2;"0935";"39"
"2254";"6216";218;1;"0935";"39"
"2255";"6217";205;1;"0935";"39"
"2256";"6218";224;2;"0935";"39"
"2257";"6219";220;3;"0935";"39"
"2258";"6221";296;1;"0935";"39"
"2259";"6222";198;3;"0935";"39"
"2260";"6223";250;5;"0935";"39"
"2261";"6224";210;1;"0935";"39"
"2262";"6225";325;3;"0935";"39"
"2263";"6226";297;2;"0935";"39"
"2264";"6227";234;2;"0935";"39"
"2265";"6228";243;2;"0935";"39"
"2266";"6229";246;2;"0935";"39"
"2267";"6231";272;4;"0938";"39"
"2268";"6235";306;5;"0938";"39"
"2269";"6237";294;5;"0938";"39"
"2270";"6241";335;4;"0938";"39"
"2271";"6243";307;5;"0938";"39"
"2272";"6245";310;4;"1903";"39"
"2273";"6247";310;5;"1903";"39"
"2274";"6251";340;5;"1903";"39"
"2275";"6252";357;5;"1903";"39"
"2276";"6255";321;5;"1903";"39"
"2277";"6261";333;5;"1903";"39"
"2278";"6262";305;5;"1903";"39"
"2279";"6265";324;5;"1903";"39"
"2280";"6267";328;5;"1903";"39"
"2281";"6268";392;5;"1903";"39"
"2282";"6269";307;5;"1903";"39"
"2283";"6271";255;4;"1729";"39"
"2284";"6273";367;5;"1729";"39"
"2285";"6274";335;5;"1729";"39"
"2286";"6276";415;5;"1729";"39"
"2287";"6277";358;5;"1729";"39"
"2288";"6278";408;5;"1729";"39"
"2289";"6281";286;5;"1729";"39"
"2290";"6285";335;5;"1729";"39"
"2291";"6286";278;5;"1729";"39"
"2292";"6287";305;5;"1729";"39"
"2293";"6289";328;5;"1729";"39"
"2294";"6291";174;3;"0981";"39"
"2295";"6294";261;5;"0981";"39"
"2296";"6295";239;5;"0981";"39"
"2297";"6301";262;4;"0994";"39"
"2298";"6305";297;5;"0994";"39"
"2299";"6307";327;5;"1903";"39"
"2300";"6311";300;5;"0986";"39"
"2301";"6312";304;5;"0986";"39"
"2302";"6321";262;5;"1729";"39"
"2303";"6325";297;5;"0994";"39"
"2304";"6333";323;5;"1954";"39"
"2305";"6336";293;5;"1954";"39"
"2306";"6341";360;5;"0994";"39"
"2307";"6342";347;5;"0994";"39"
"2308";"6343";307;5;"0986";"39"
"2309";"6351";205;4;"0965";"39"
"2310";"6353";389;5;"0965";"39"
"2311";"6361";232;4;"1954";"39"
"2312";"6363";292;5;"1954";"39"
"2313";"6365";268;5;"1954";"39"
"2314";"6367";271;4;"0986";"39"
"2315";"6369";219;4;"0965";"39"
"2316";"6371";220;2;"0882";"39"
"2317";"6372";202;2;"0882";"39"
"2318";"6373";216;2;"0882";"39"
"2319";"6374";216;3;"0882";"39"
"2320";"6411";168;1;"0917";"39"
"2321";"6412";151;2;"0917";"39"
"2322";"6413";148;2;"0917";"39"
"2323";"6414";140;3;"0917";"39"
"2324";"6415";147;2;"0917";"39"
"2325";"6416";224;2;"0917";"39"
"2326";"6417";200;2;"0917";"39"
"2327";"6418";193;2;"0917";"39"
"2328";"6419";254;3;"0917";"39"
"2329";"6421";170;2;"0917";"39"
"2330";"6422";323;5;"0917";"39"
"2331";"6431";151;2;"0917";"39"
"2332";"6432";171;2;"0917";"39"
"2333";"6433";173;3;"0917";"39"
"2334";"6436";254;4;"1954";"39"
"2335";"6438";264;4;"1954";"39"
"2336";"6439";285;5;"1954";"39"
"2337";"6441";168;2;"0899";"39"
"2338";"6442";201;3;"0899";"39"
"2339";"6443";162;2;"0899";"39"
"2340";"6444";205;2;"0899";"39"
"2341";"6445";187;3;"0899";"39"
"2342";"6446";230;3;"0899";"39"
"2343";"6447";263;5;"1954";"39"
"2344";"6451";218;4;"1954";"39"
"2345";"6454";256;5;"1954";"39"
"2346";"6456";298;5;"1954";"39"
"2347";"6461";175;2;"0928";"39"
"2348";"6462";150;2;"0928";"39"
"2349";"6463";148;2;"0928";"39"
"2350";"6464";189;3;"0928";"39"
"2351";"6465";156;4;"0928";"39"
"2352";"6466";171;2;"0928";"39"
"2353";"6467";197;2;"0928";"39"
"2354";"6468";367;4;"0928";"39"
"2355";"6469";153;4;"0928";"39"
"2356";"6471";182;3;"0928";"39"
"2357";"6511";289;1;"0268";"15"
"2358";"6512";323;1;"0268";"15"
"2359";"6515";410;4;"0268";"15"
"2360";"6521";365;1;"0268";"15"
"2361";"6522";516;2;"0268";"15"
"2362";"6523";392;2;"0268";"15"
"2363";"6524";451;1;"0268";"15"
"2364";"6525";337;2;"0268";"15"
"2365";"6531";350;1;"0268";"15"
"2366";"6532";295;2;"0268";"15"
"2367";"6533";292;2;"0268";"15"
"2368";"6534";239;2;"0268";"15"
"2369";"6535";217;2;"0268";"15"
"2370";"6536";280;2;"0268";"15"
"2371";"6537";206;2;"0268";"15"
"2372";"6538";209;2;"0268";"15"
"2373";"6541";306;1;"0268";"15"
"2374";"6542";298;1;"0268";"15"
"2375";"6543";290;2;"0268";"15"
"2376";"6544";203;2;"0268";"15"
"2377";"6545";246;2;"0268";"15"
"2378";"6546";242;3;"0268";"15"
"2379";"6551";313;5;"0209";"15"
"2380";"6561";297;4;"1945";"15"
"2381";"6562";289;4;"1945";"15"
"2382";"6564";711;4;"1945";"15"
"2383";"6566";240;4;"1945";"15"
"2384";"6571";391;5;"1945";"15"
"2385";"6572";328;5;"1945";"15"
"2386";"6573";356;4;"1945";"15"
"2387";"6574";424;4;"1945";"15"
"2388";"6574";424;4;"0268";"15"
"2389";"6575";489;5;"1945";"15"
"2390";"6576";293;5;"1945";"15"
"2391";"6577";361;5;"1945";"15"
"2392";"6578";255;5;"1945";"15"
"2393";"6579";281;5;"1945";"15"
"2394";"6581";345;3;"0252";"15"
"2395";"6582";354;5;"0252";"15"
"2396";"6584";347;4;"0944";"37"
"2397";"6585";336;5;"0944";"37"
"2398";"6586";445;5;"0944";"37"
"2399";"6587";364;5;"0944";"37"
"2400";"6591";257;4;"0907";"37"
"2401";"6595";322;4;"0907";"37"
"2402";"6596";344;5;"0907";"37"
"2403";"6598";318;5;"0907";"37"
"2404";"6599";348;5;"0907";"37"
"2405";"6601";266;2;"0296";"15"
"2406";"6602";352;2;"0296";"15"
"2407";"6603";357;4;"0296";"15"
"2408";"6604";365;4;"0296";"15"
"2409";"6605";290;3;"0296";"15"
"2410";"6606";431;5;"0296";"15"
"2411";"6611";374;5;"0252";"15"
"2412";"6612";367;5;"0252";"15"
"2413";"6613";407;5;"0296";"15"
"2414";"6615";455;5;"0296";"15"
"2415";"6616";367;5;"0296";"15"
"2416";"6617";392;5;"0296";"15"
"2417";"6621";331;5;"0668";"16"
"2418";"6624";318;5;"0263";"16"
"2419";"6626";334;5;"0668";"16"
"2420";"6627";328;5;"0668";"16"
"2421";"6628";393;5;"0668";"16"
"2422";"6629";363;5;"0668";"16"
"2423";"6631";383;5;"0225";"15"
"2424";"6634";348;5;"0296";"15"
"2425";"6641";296;3;"0209";"15"
"2426";"6642";426;3;"0209";"15"
"2427";"6644";339;5;"0209";"15"
"2428";"6645";355;5;"0209";"15"
"2429";"6651";293;3;"0225";"15"
"2430";"6652";353;4;"0225";"15"
"2431";"6653";283;5;"0225";"15"
"2432";"6654";351;5;"0225";"15"
"2433";"6655";351;4;"0225";"15"
"2434";"6657";346;5;"0668";"16"
"2435";"6658";307;4;"0668";"16"
"2436";"6659";324;5;"0668";"16"
"2437";"6661";332;3;"1734";"15"
"2438";"6662";342;3;"1734";"15"
"2439";"6663";394;3;"0268";"15"
"2440";"6665";316;5;"1734";"15"
"2441";"6666";300;4;"1734";"15"
"2442";"6668";329;5;"1734";"15"
"2443";"6669";302;5;"1740";"16"
"2444";"6671";311;4;"1734";"15"
"2445";"6672";197;5;"1734";"15"
"2446";"6673";334;5;"1734";"15"
"2447";"6674";329;5;"1734";"15"
"2448";"6675";344;5;"1734";"15"
"2449";"6676";485;5;"1734";"15"
"2450";"6677";385;5;"1734";"15"
"2451";"6678";315;4;"1734";"15"
"2452";"6681";346;4;"1705";"15"
"2453";"6684";622;5;"1705";"15"
"2454";"6685";313;5;"1705";"15"
"2455";"6686";340;5;"1705";"15"
"2456";"6687";340;5;"1705";"15"
"2457";"6691";304;4;"1705";"15"
"2458";"6701";320;2;"0289";"13"
"2459";"6702";235;2;"0289";"13"
"2460";"6703";445;3;"0289";"13"
"2461";"6704";546;4;"0289";"13"
"2462";"6705";814;5;"0289";"13"
"2463";"6706";291;2;"0289";"13"
"2464";"6707";233;1;"0289";"13"
"2465";"6708";274;2;"0289";"13"
"2466";"6709";193;2;"0289";"13"
"2467";"6711";327;2;"0228";"13"
"2468";"6712";316;1;"0228";"13"
"2469";"6713";267;1;"0228";"13"
"2470";"6714";215;1;"0228";"13"
"2471";"6715";249;2;"0228";"13"
"2472";"6716";295;3;"0228";"13"
"2473";"6717";272;2;"0228";"13"
"2474";"6718";401;4;"0228";"13"
"2475";"6721";392;3;"0228";"13"
"2476";"6731";384;5;"0228";"13"
"2477";"6732";426;5;"0228";"13"
"2478";"6733";419;5;"0228";"13"
"2479";"6741";476;4;"0228";"13"
"2480";"6744";458;5;"0228";"13"
"2481";"6745";626;5;"0228";"13"
"2482";"6811";228;1;"0202";"15"
"2483";"6812";361;3;"0202";"15"
"2484";"6813";418;3;"0202";"15"
"2485";"6814";477;2;"0202";"15"
"2486";"6815";353;4;"0202";"15"
"2487";"6816";779;5;"0202";"15"
"2488";"6821";302;1;"0202";"15"
"2489";"6822";248;1;"0202";"15"
"2490";"6823";229;2;"0202";"15"
"2491";"6824";317;1;"0202";"15"
"2492";"6825";200;2;"0202";"15"
"2493";"6826";197;2;"0202";"15"
"2494";"6827";214;2;"0202";"15"
"2495";"6828";236;1;"0202";"15"
"2496";"6831";165;2;"0202";"15"
"2497";"6832";192;2;"0202";"15"
"2498";"6833";221;2;"0202";"15"
"2499";"6834";179;3;"0202";"15"
"2500";"6835";230;2;"0202";"15"
"2501";"6836";268;3;"0202";"15"
"2502";"6841";217;2;"0202";"15"
"2503";"6842";358;3;"0202";"15"
"2504";"6843";215;2;"0202";"15"
"2505";"6844";226;2;"0202";"15"
"2506";"6845";237;2;"0202";"15"
"2507";"6846";371;3;"0202";"15"
"2508";"6851";326;3;"1705";"15"
"2509";"6852";309;2;"1705";"15"
"2510";"6861";398;4;"0274";"15"
"2511";"6862";431;3;"0274";"15"
"2512";"6865";294;4;"0274";"15"
"2513";"6866";293;4;"0274";"15"
"2514";"6869";383;5;"0274";"15"
"2515";"6871";295;3;"0274";"15"
"2516";"6874";391;5;"0274";"15"
"2517";"6877";1965;5;"0228";"13"
"2518";"6881";419;2;"0275";"15"
"2519";"6882";205;1;"0275";"15"
"2520";"6883";257;2;"0275";"15"
"2521";"6891";614;4;"0277";"15"
"2522";"6901";225;2;"0299";"15"
"2523";"6902";305;4;"0299";"15"
"2524";"6903";251;2;"0299";"15"
"2525";"6904";225;2;"0299";"15"
"2526";"6905";385;4;"0299";"15"
"2527";"6909";279;5;"0299";"15"
"2528";"6911";272;5;"0299";"15"
"2529";"6913";358;5;"0299";"15"
"2530";"6914";285;5;"0299";"15"
"2531";"6915";205;4;"0299";"15"
"2532";"6916";246;5;"0299";"15"
"2533";"6917";214;5;"0299";"15"
"2534";"6921";266;3;"0226";"15"
"2535";"6922";299;3;"0226";"15"
"2536";"6923";394;5;"0226";"15"
"2537";"6924";398;5;"0226";"15"
"2538";"6924";398;5;"1705";"15"
"2539";"6931";279;3;"0293";"15"
"2540";"6932";245;3;"0293";"15"
"2541";"6932";245;3;"0226";"15"
"2542";"6941";266;4;"1955";"14"
"2543";"6942";254;3;"1955";"14"
"2544";"6951";215;3;"0275";"15"
"2545";"6952";258;3;"0275";"15"
"2546";"6953";319;4;"0275";"15"
"2547";"6955";384;5;"0275";"15"
"2548";"6956";303;4;"0275";"15"
"2549";"6957";371;5;"0275";"15"
"2550";"6961";300;4;"0213";"14"
"2551";"6961";300;4;"0277";"15"
"2552";"6964";428;5;"0213";"14"
"2553";"6971";293;4;"0213";"14"
"2554";"6974";363;5;"0213";"14"
"2555";"6975";505;5;"0213";"14"
"2556";"6981";254;4;"0221";"15"
"2557";"6982";200;4;"0221";"15"
"2558";"6983";277;4;"0221";"15"
"2559";"6984";471;5;"0221";"15"
"2560";"6986";346;5;"0299";"15"
"2561";"6987";282;5;"0299";"15"
"2562";"6988";417;5;"0299";"15"
"2563";"6991";259;3;"0275";"15"
"2564";"6994";327;5;"0275";"15"
"2565";"6996";338;5;"1876";"14"
"2566";"6997";431;5;"1876";"14"
"2567";"6998";455;5;"1876";"14"
"2568";"6999";342;5;"1876";"14"
"2569";"7001";248;2;"0222";"14"
"2570";"7002";186;2;"0222";"14"
"2571";"7003";249;3;"0222";"14"
"2572";"7004";340;5;"0222";"14"
"2573";"7005";262;3;"0222";"14"
"2574";"7006";242;3;"0222";"14"
"2575";"7007";283;3;"0222";"14"
"2576";"7008";348;4;"0222";"14"
"2577";"7009";255;3;"0222";"14"
"2578";"7011";257;4;"0222";"14"
"2579";"7011";257;4;"1509";"14"
"2580";"7021";330;4;"1876";"14"
"2581";"7025";361;5;"1876";"14"
"2582";"7031";294;5;"0222";"14"
"2583";"7035";287;5;"1955";"14"
"2584";"7036";352;5;"1955";"14"
"2585";"7037";280;5;"1955";"14"
"2586";"7038";262;5;"1955";"14"
"2587";"7039";317;5;"1955";"14"
"2588";"7041";205;4;"1955";"14"
"2589";"7044";354;4;"1955";"14"
"2590";"7045";283;5;"1955";"14"
"2591";"7046";450;5;"1955";"14"
"2592";"7047";275;5;"1955";"14"
"2593";"7048";388;5;"1955";"14"
"2594";"7051";266;4;"1509";"14"
"2595";"7054";354;5;"1509";"14"
"2596";"7055";396;5;"1509";"14"
"2597";"7061";232;4;"1509";"14"
"2598";"7064";256;4;"1509";"14"
"2599";"7065";404;5;"1509";"14"
"2600";"7071";246;3;"1509";"14"
"2601";"7075";310;5;"1509";"14"
"2602";"7076";325;5;"1509";"14"
"2603";"7077";360;5;"1509";"14"
"2604";"7078";350;5;"1509";"14"
"2605";"7081";256;4;"1509";"14"
"2606";"7083";433;5;"1509";"14"
"2607";"7084";362;5;"1509";"14"
"2608";"7091";247;4;"0197";"14"
"2609";"7095";360;5;"0197";"14"
"2610";"7101";228;2;"0294";"14"
"2611";"7102";224;3;"0294";"14"
"2612";"7103";236;3;"0294";"14"
"2613";"7104";360;5;"0294";"14"
"2614";"7105";369;5;"0294";"14"
"2615";"7106";336;5;"0294";"14"
"2616";"7107";398;5;"0294";"14"
"2617";"7108";375;5;"0294";"14"
"2618";"7109";380;5;"0294";"14"
"2619";"7113";349;5;"0294";"14"
"2620";"7115";366;5;"0294";"14"
"2621";"7119";380;5;"0294";"14"
"2622";"7121";254;4;"0197";"14"
"2623";"7122";289;4;"0197";"14"
"2624";"7123";269;4;"0197";"14"
"2625";"7126";236;5;"0197";"14"
"2626";"7131";245;4;"1586";"14"
"2627";"7132";309;4;"1586";"14"
"2628";"7134";348;5;"1586";"14"
"2629";"7135";286;5;"1586";"14"
"2630";"7136";300;5;"1586";"14"
"2631";"7137";324;5;"1586";"14"
"2632";"7141";231;4;"1586";"14"
"2633";"7142";362;5;"1586";"14"
"2634";"7151";252;3;"1859";"14"
"2635";"7152";321;4;"1859";"14"
"2636";"7156";351;5;"1859";"14"
"2637";"7157";399;5;"1859";"14"
"2638";"7161";267;4;"1859";"14"
"2639";"7165";360;5;"1859";"14"
"2640";"7201";262;2;"0301";"14"
"2641";"7202";312;3;"0301";"14"
"2642";"7203";234;3;"0301";"14"
"2643";"7204";198;2;"0301";"14"
"2644";"7205";255;4;"0301";"14"
"2645";"7206";213;3;"0301";"14"
"2646";"7207";301;3;"0301";"14"
"2647";"7211";353;5;"0262";"14"
"2648";"7213";425;5;"0262";"14"
"2649";"7214";507;5;"0262";"14"
"2650";"7215";608;5;"0262";"14"
"2651";"7216";515;5;"0262";"14"
"2652";"7217";411;5;"0262";"14"
"2653";"7218";408;5;"0262";"14"
"2654";"7221";340;5;"1876";"14"
"2655";"7223";367;5;"1876";"14"
"2656";"7224";522;5;"1876";"14"
"2657";"7225";359;5;"1876";"14"
"2658";"7226";500;5;"1876";"14"
"2659";"7227";385;5;"1876";"14"
"2660";"7231";341;3;"0301";"14"
"2661";"7232";277;3;"0301";"14"
"2662";"7233";474;5;"1876";"14"
"2663";"7234";409;5;"1876";"14"
"2664";"7241";352;4;"0262";"14"
"2665";"7242";254;3;"0262";"14"
"2666";"7244";385;5;"0262";"14"
"2667";"7245";420;5;"0262";"14"
"2668";"7251";370;5;"1876";"14"
"2669";"7255";330;5;"1876";"14"
"2670";"7256";333;5;"1876";"14"
"2671";"7261";342;4;"1859";"14"
"2672";"7263";303;5;"1586";"14"
"2673";"7271";273;4;"1859";"14"
"2674";"7273";337;5;"1859";"14"
"2675";"7274";410;5;"1859";"14"
"2676";"7275";376;5;"1859";"14"
"2677";"7311";241;1;"0200";"13"
"2678";"7312";275;2;"0200";"13"
"2679";"7313";749;4;"0200";"13"
"2680";"7314";329;2;"0200";"13"
"2681";"7315";352;2;"0200";"13"
"2682";"7316";386;2;"0200";"13"
"2683";"7317";306;3;"0200";"13"
"2684";"7321";333;2;"0200";"13"
"2685";"7322";265;2;"0200";"13"
"2686";"7323";290;2;"0200";"13"
"2687";"7324";386;4;"0200";"13"
"2688";"7325";338;2;"0200";"13"
"2689";"7326";244;2;"0200";"13"
"2690";"7327";249;3;"0200";"13"
"2691";"7328";219;2;"0200";"13"
"2692";"7329";231;2;"0200";"13"
"2693";"7331";229;1;"0200";"13"
"2694";"7332";295;2;"0200";"13"
"2695";"7333";229;2;"0200";"13"
"2696";"7334";411;2;"0200";"13"
"2697";"7335";275;2;"0200";"13"
"2698";"7336";345;2;"0200";"13"
"2699";"7339";399;4;"0200";"13"
"2700";"7341";535;5;"0200";"13"
"2701";"7345";559;5;"0200";"13"
"2702";"7346";633;5;"0200";"13"
"2703";"7348";416;5;"0200";"13"
"2704";"7351";456;5;"0200";"13"
"2705";"7351";456;5;"0228";"13"
"2706";"7352";526;5;"0228";"13"
"2707";"7361";444;5;"0200";"13"
"2708";"7364";437;5;"0200";"13"
"2709";"7371";398;5;"0200";"13"
"2710";"7381";429;5;"0200";"13"
"2711";"7382";388;5;"0285";"13"
"2712";"7383";329;5;"0285";"13"
"2713";"7384";424;5;"0285";"13"
"2714";"7391";342;4;"0285";"13"
"2715";"7392";460;5;"0285";"13"
"2716";"7395";377;5;"0285";"13"
"2717";"7396";294;5;"0285";"13"
"2718";"7397";437;5;"0285";"13"
"2719";"7399";482;5;"0213";"14"
"2720";"7411";279;1;"0150";"11"
"2721";"7412";225;2;"0150";"11"
"2722";"7413";222;1;"0150";"11"
"2723";"7414";221;2;"0150";"11"
"2724";"7415";211;2;"0150";"11"
"2725";"7416";215;2;"0150";"11"
"2726";"7417";191;2;"0150";"11"
"2727";"7418";422;4;"0150";"11"
"2728";"7419";295;3;"0150";"11"
"2729";"7421";284;3;"0150";"11"
"2730";"7422";241;2;"0150";"11"
"2731";"7423";230;2;"0150";"11"
"2732";"7424";323;3;"0150";"11"
"2733";"7425";346;3;"0150";"11"
"2734";"7426";325;5;"0150";"11"
"2735";"7427";361;5;"0150";"11"
"2736";"7428";461;5;"0150";"11"
"2737";"7429";289;3;"0150";"11"
"2738";"7431";432;4;"0150";"11"
"2739";"7433";386;4;"0150";"11"
"2740";"7434";393;5;"0150";"11"
"2741";"7435";376;5;"0150";"11"
"2742";"7437";370;5;"0150";"11"
"2743";"7439";438;4;"0285";"13"
"2744";"7441";395;3;"0163";"12"
"2745";"7442";264;3;"0163";"12"
"2746";"7443";319;4;"0163";"12"
"2747";"7447";379;5;"0163";"12"
"2748";"7448";378;5;"0163";"12"
"2749";"7451";348;5;"1742";"12"
"2750";"7461";299;3;"1742";"12"
"2751";"7462";283;2;"1742";"12"
"2752";"7463";371;4;"1742";"12"
"2753";"7466";591;5;"0189";"12"
"2754";"7467";508;5;"0189";"12"
"2755";"7468";362;4;"0189";"12"
"2756";"7471";246;4;"1735";"12"
"2757";"7472";369;5;"1735";"12"
"2758";"7475";354;5;"1735";"12"
"2759";"7478";322;5;"1735";"12"
"2760";"7481";292;3;"0158";"12"
"2761";"7482";296;3;"0158";"12"
"2762";"7483";380;3;"0158";"12"
"2763";"7491";323;4;"1735";"12"
"2764";"7495";419;5;"1735";"12"
"2765";"7496";329;5;"1735";"12"
"2766";"7497";351;5;"1735";"12"
"2767";"7511";193;1;"0153";"12"
"2768";"7512";223;1;"0153";"12"
"2769";"7513";228;1;"0153";"12"
"2770";"7514";277;1;"0153";"12"
"2771";"7521";192;2;"0153";"12"
"2772";"7522";229;3;"0153";"12"
"2773";"7523";229;2;"0153";"12"
"2774";"7524";459;5;"0153";"12"
"2775";"7525";505;5;"0153";"12"
"2776";"7531";260;2;"0153";"12"
"2777";"7532";246;4;"0153";"12"
"2778";"7533";211;1;"0153";"12"
"2779";"7534";249;3;"0153";"12"
"2780";"7535";303;2;"0153";"12"
"2781";"7536";549;5;"0153";"12"
"2782";"7541";246;2;"0153";"12"
"2783";"7542";236;3;"0153";"12"
"2784";"7543";215;1;"0153";"12"
"2785";"7544";200;2;"0153";"12"
"2786";"7545";206;1;"0153";"12"
"2787";"7546";291;3;"0153";"12"
"2788";"7547";327;4;"0153";"12"
"2789";"7548";354;5;"0153";"12"
"2790";"7551";234;1;"0164";"12"
"2791";"7552";224;2;"0164";"12"
"2792";"7553";210;2;"0164";"12"
"2793";"7554";427;5;"0164";"12"
"2794";"7555";258;2;"0164";"12"
"2795";"7556";221;2;"0164";"12"
"2796";"7557";196;2;"0164";"12"
"2797";"7558";246;3;"0164";"12"
"2798";"7559";364;4;"0164";"12"
"2799";"7561";377;5;"1774";"12"
"2800";"7562";283;5;"0173";"12"
"2801";"7571";231;2;"0173";"12"
"2802";"7572";254;2;"0173";"12"
"2803";"7573";356;2;"0173";"12"
"2804";"7574";232;4;"0173";"12"
"2805";"7575";344;4;"0173";"12"
"2806";"7576";242;3;"0173";"12"
"2807";"7577";326;3;"0173";"12"
"2808";"7581";270;3;"0168";"12"
"2809";"7582";277;3;"0168";"12"
"2810";"7585";356;5;"0168";"12"
"2811";"7586";254;5;"0168";"12"
"2812";"7587";396;5;"0168";"12"
"2813";"7588";424;5;"0168";"12"
"2814";"7591";295;4;"1774";"12"
"2815";"7595";350;5;"1774";"12"
"2816";"7596";385;5;"1774";"12"
"2817";"7597";444;5;"1774";"12"
"2818";"7601";181;2;"0141";"12"
"2819";"7602";264;3;"0141";"12"
"2820";"7603";264;3;"0141";"12"
"2821";"7604";186;3;"0141";"12"
"2822";"7605";142;1;"0141";"12"
"2823";"7606";156;2;"0141";"12"
"2824";"7607";224;2;"0141";"12"
"2825";"7608";226;3;"0141";"12"
"2826";"7609";267;3;"0141";"12"
"2827";"7610";450;5;"0141";"12"
"2828";"7611";334;5;"0141";"12"
"2829";"7614";306;5;"0183";"12"
"2830";"7615";374;5;"0183";"12"
"2831";"7621";278;3;"0147";"12"
"2832";"7622";279;2;"0147";"12"
"2833";"7623";367;3;"0147";"12"
"2834";"7625";382;5;"0147";"12"
"2835";"7626";447;5;"0147";"12"
"2836";"7627";386;5;"0141";"12"
"2837";"7631";320;4;"1774";"12"
"2838";"7634";364;5;"1774";"12"
"2839";"7635";395;5;"1774";"12"
"2840";"7636";546;5;"1774";"12"
"2841";"7637";510;5;"1774";"12"
"2842";"7638";493;5;"1774";"12"
"2843";"7641";313;4;"0189";"12"
"2844";"7642";319;4;"0189";"12"
"2845";"7645";409;5;"0189";"12"
"2846";"7651";324;4;"0183";"12"
"2847";"7661";380;5;"0183";"12"
"2848";"7662";399;5;"0183";"12"
"2849";"7663";407;5;"0183";"12"
"2850";"7664";403;5;"0183";"12"
"2851";"7665";377;5;"0183";"12"
"2852";"7666";400;5;"0183";"12"
"2853";"7667";360;5;"0183";"12"
"2854";"7668";425;5;"0183";"12"
"2855";"7671";279;4;"1700";"12"
"2856";"7672";309;4;"1700";"12"
"2857";"7675";401;5;"1700";"12"
"2858";"7676";243;5;"1700";"12"
"2859";"7678";367;5;"0183";"12"
"2860";"7679";358;5;"0183";"12"
"2861";"7681";251;4;"1700";"12"
"2862";"7683";319;5;"1700";"12"
"2863";"7685";309;5;"0175";"10"
"2864";"7686";370;5;"1700";"12"
"2865";"7687";366;5;"0163";"12"
"2866";"7688";386;5;"0163";"12"
"2867";"7691";262;5;"0160";"10"
"2868";"7692";290;5;"0160";"10"
"2869";"7693";281;5;"0160";"10"
"2870";"7693";281;5;"1700";"12"
"2871";"7694";264;5;"0160";"10"
"2872";"7694";264;5;"1700";"12"
"2873";"7695";316;5;"0160";"10"
"2874";"7696";373;5;"0160";"10"
"2875";"7701";270;4;"0160";"10"
"2876";"7702";302;4;"0160";"10"
"2877";"7705";360;5;"1690";"09"
"2878";"7707";307;5;"0160";"10"
"2879";"7711";344;5;"0148";"10"
"2880";"7715";377;5;"0180";"10"
"2881";"7721";327;4;"0148";"10"
"2882";"7722";423;5;"0148";"10"
"2883";"7731";292;4;"0175";"10"
"2884";"7732";449;5;"0175";"10"
"2885";"7734";283;5;"0175";"10"
"2886";"7735";481;5;"0175";"10"
"2887";"7736";415;5;"0175";"10"
"2888";"7737";410;5;"0175";"10"
"2889";"7738";403;5;"0175";"10"
"2890";"7739";409;5;"0175";"10"
"2891";"7741";189;4;"0109";"08"
"2892";"7742";226;4;"0109";"08"
"2893";"7751";302;5;"0109";"08"
"2894";"7753";231;5;"0109";"08"
"2895";"7754";355;5;"0109";"08"
"2896";"7755";349;5;"0109";"08"
"2897";"7756";355;5;"0109";"08"
"2898";"7761";229;5;"0114";"08"
"2899";"7764";229;5;"0114";"08"
"2900";"7765";239;5;"0114";"08"
"2901";"7766";248;5;"0114";"08"
"2902";"7771";239;4;"0160";"10"
"2903";"7772";238;4;"0160";"10"
"2904";"7773";326;4;"0160";"10"
"2905";"7775";288;5;"0160";"10"
"2906";"7776";254;5;"0160";"10"
"2907";"7777";322;5;"0160";"10"
"2908";"7778";370;5;"0160";"10"
"2909";"7779";511;5;"0160";"10"
"2910";"7781";341;5;"0160";"10"
"2911";"7782";242;5;"0160";"10"
"2912";"7783";241;5;"0160";"10"
"2913";"7784";360;5;"0160";"10"
"2914";"7785";504;5;"0160";"10"
"2915";"7786";398;5;"0160";"10"
"2916";"7787";415;5;"0160";"10"
"2917";"7788";415;5;"0160";"10"
"2918";"7791";365;5;"0160";"10"
"2919";"7792";403;5;"0160";"10"
"2920";"7793";327;5;"0160";"10"
"2921";"7794";379;5;"0160";"10"
"2922";"7795";317;5;"0160";"10"
"2923";"7796";442;5;"0160";"10"
"2924";"7797";379;5;"0160";"10"
"2925";"7798";387;5;"0160";"10"
"2926";"7811";200;3;"0114";"08"
"2927";"7812";191;3;"0114";"08"
"2928";"7813";318;5;"0114";"08"
"2929";"7814";338;5;"0114";"08"
"2930";"7815";163;3;"0114";"08"
"2931";"7821";523;4;"0114";"08"
"2932";"7822";255;3;"0114";"08"
"2933";"7823";168;3;"0114";"08"
"2934";"7824";151;3;"0114";"08"
"2935";"7825";500;5;"0114";"08"
"2936";"7826";267;5;"0114";"08"
"2937";"7827";234;4;"0114";"08"
"2938";"7828";314;5;"0114";"08"
"2939";"7831";203;5;"0114";"08"
"2940";"7833";228;4;"0114";"08"
"2941";"7841";275;5;"0109";"08"
"2942";"7842";449;5;"0109";"08"
"2943";"7843";315;5;"0109";"08"
"2944";"7844";198;4;"0114";"08"
"2945";"7845";363;5;"0109";"08"
"2946";"7846";372;5;"0109";"08"
"2947";"7847";342;5;"0109";"08"
"2948";"7848";234;5;"0109";"08"
"2949";"7849";288;5;"0109";"08"
"2950";"7851";333;5;"0109";"08"
"2951";"7852";407;5;"0109";"08"
"2952";"7853";324;5;"0109";"08"
"2953";"7854";254;5;"0109";"08"
"2954";"7855";358;5;"0109";"08"
"2955";"7856";387;5;"0109";"08"
"2956";"7858";354;5;"1681";"08"
"2957";"7859";428;5;"1681";"08"
"2958";"7861";273;5;"0109";"08"
"2959";"7863";337;5;"0109";"08"
"2960";"7864";341;5;"0109";"08"
"2961";"7871";275;5;"1681";"08"
"2962";"7872";282;5;"1681";"08"
"2963";"7873";284;5;"1681";"08"
"2964";"7874";344;5;"1681";"08"
"2965";"7875";323;5;"1681";"08"
"2966";"7876";212;5;"1681";"08"
"2967";"7877";293;5;"1681";"08"
"2968";"7881";204;5;"0114";"08"
"2969";"7884";201;5;"0114";"08"
"2970";"7885";245;5;"0114";"08"
"2971";"7887";244;5;"0114";"08"
"2972";"7889";318;5;"0114";"08"
"2973";"7891";207;4;"0114";"08"
"2974";"7892";360;5;"0114";"08"
"2975";"7894";195;5;"0114";"08"
"2976";"7895";256;5;"0114";"08"
"2977";"7901";203;2;"0118";"09"
"2978";"7902";184;2;"0118";"09"
"2979";"7903";266;5;"0118";"09"
"2980";"7904";177;3;"0118";"09"
"2981";"7905";173;3;"0118";"09"
"2982";"7906";166;2;"0118";"09"
"2983";"7907";206;2;"0118";"09"
"2984";"7908";257;3;"0118";"09"
"2985";"7909";236;3;"0118";"09"
"2986";"7910";431;5;"1731";"07"
"2987";"7911";350;5;"0118";"09"
"2988";"7912";285;5;"0118";"09"
"2989";"7913";262;5;"0118";"09"
"2990";"7914";258;5;"0118";"09"
"2991";"7915";426;5;"0118";"09"
"2992";"7916";248;5;"0118";"09"
"2993";"7917";264;5;"0109";"08"
"2994";"7918";257;5;"0118";"09"
"2995";"7921";309;4;"1690";"09"
"2996";"7924";363;5;"1690";"09"
"2997";"7925";425;5;"1690";"09"
"2998";"7926";324;5;"1690";"09"
"2999";"7927";317;5;"1690";"09"
"3000";"7928";-99997;5;"1731";"07"
"3001";"7929";345;5;"0109";"08"
"3002";"7931";358;5;"0118";"09"
"3003";"7932";353;5;"1690";"09"
"3004";"7933";260;5;"0118";"09"
"3005";"7933";260;5;"1701";"09"
"3006";"7934";317;5;"0118";"09"
"3007";"7935";460;5;"1690";"09"
"3008";"7936";298;5;"0118";"09"
"3009";"7937";349;5;"1731";"07"
"3010";"7938";252;5;"1731";"07"
"3011";"7941";233;2;"0119";"09"
"3012";"7942";198;3;"0119";"09"
"3013";"7943";257;4;"0119";"09"
"3014";"7944";264;3;"0119";"09"
"3015";"7946";300;5;"1708";"10"
"3016";"7948";303;5;"0119";"09"
"3017";"7949";355;5;"0119";"09"
"3018";"7951";309;5;"0180";"10"
"3019";"7954";322;5;"0180";"10"
"3020";"7955";330;5;"0180";"10"
"3021";"7957";302;5;"1690";"09"
"3022";"7958";335;5;"1690";"09"
"3023";"7961";322;5;"1690";"09"
"3024";"7963";336;5;"1690";"09"
"3025";"7963";336;5;"1701";"09"
"3026";"7964";406;5;"1690";"09"
"3027";"7964";406;5;"1701";"09"
"3028";"7965";518;5;"0119";"09"
"3029";"7966";408;5;"0119";"09"
"3030";"7971";307;5;"1701";"09"
"3031";"7973";349;5;"1701";"09"
"3032";"7974";294;5;"1701";"09"
"3033";"7975";333;5;"1701";"09"
"3034";"7981";314;5;"1701";"09"
"3035";"7983";388;5;"1701";"09"
"3036";"7984";362;5;"1701";"09"
"3037";"7985";415;5;"1701";"09"
"3038";"7986";478;5;"1701";"09"
"3039";"7991";347;5;"1701";"09"
"3040";"8011";295;1;"0193";"10"
"3041";"8012";268;1;"0193";"10"
"3042";"8013";254;3;"0193";"10"
"3043";"8014";287;2;"0193";"10"
"3044";"8015";358;4;"0193";"10"
"3045";"8016";330;2;"0193";"10"
"3046";"8017";358;2;"0193";"10"
"3047";"8019";541;4;"0193";"10"
"3048";"8021";201;1;"0193";"10"
"3049";"8022";197;1;"0193";"10"
"3050";"8023";304;1;"0193";"10"
"3051";"8024";415;4;"0193";"10"
"3052";"8025";357;3;"0193";"10"
"3053";"8026";470;5;"0193";"10"
"3054";"8028";423;5;"0193";"10"
"3055";"8031";202;2;"0193";"10"
"3056";"8032";270;2;"0193";"10"
"3057";"8033";293;3;"0193";"10"
"3058";"8034";746;5;"0193";"10"
"3059";"8035";562;5;"0193";"10"
"3060";"8041";412;4;"0193";"10"
"3061";"8042";322;3;"0193";"10"
"3062";"8043";329;2;"0193";"10"
"3063";"8044";404;4;"0193";"10"
"3064";"8045";521;5;"0193";"10"
"3065";"8051";348;4;"0244";"13"
"3066";"8052";357;4;"0244";"13"
"3067";"8055";374;5;"0177";"11"
"3068";"8061";264;4;"1896";"10"
"3069";"8064";241;4;"1896";"10"
"3070";"8066";355;5;"1708";"10"
"3071";"8071";335;3;"0302";"13"
"3072";"8072";315;3;"0302";"13"
"3073";"8075";407;5;"0302";"13"
"3074";"8076";504;5;"0302";"13"
"3075";"8077";460;5;"0302";"13"
"3076";"8079";354;5;"0269";"13"
"3077";"8081";292;4;"0230";"13"
"3078";"8082";325;4;"0230";"13"
"3079";"8084";296;4;"0230";"13"
"3080";"8085";371;5;"0230";"13"
"3081";"8091";316;4;"0269";"13"
"3082";"8094";350;5;"0269";"13"
"3083";"8095";352;5;"0269";"13"
"3084";"8096";331;5;"0269";"13"
"3085";"8097";388;5;"0269";"13"
"3086";"8101";295;3;"0177";"11"
"3087";"8102";293;3;"0177";"11"
"3088";"8103";331;4;"0177";"11"
"3089";"8105";355;5;"0177";"11"
"3090";"8106";360;5;"0177";"11"
"3091";"8107";344;5;"0177";"11"
"3092";"8111";319;5;"0177";"11"
"3093";"8112";325;5;"0177";"11"
"3094";"8121";299;5;"1773";"11"
"3095";"8124";379;5;"1773";"11"
"3096";"8131";323;4;"1773";"11"
"3097";"8141";323;4;"0177";"11"
"3098";"8144";368;5;"0177";"11"
"3099";"8146";412;5;"0175";"10"
"3100";"8147";435;5;"0175";"10"
"3101";"8148";369;5;"0175";"10"
"3102";"8151";327;5;"0148";"10"
"3103";"8152";328;5;"0148";"10"
"3104";"8153";414;5;"0148";"10"
"3105";"8154";427;5;"0148";"10"
"3106";"8161";356;4;"0232";"13"
"3107";"8162";366;4;"0232";"13"
"3108";"8166";445;5;"0232";"13"
"3109";"8167";416;5;"0232";"13"
"3110";"8171";352;4;"0232";"13"
"3111";"8172";259;4;"0232";"13"
"3112";"8181";343;4;"0246";"13"
"3113";"8191";330;5;"0246";"13"
"3114";"8193";451;5;"0246";"13"
"3115";"8194";397;5;"0246";"13"
"3116";"8196";435;5;"1773";"11"
"3117";"8198";602;5;"1773";"11"
"3118";"8211";538;5;"0995";"40"
"3119";"8212";278;4;"0995";"40"
"3120";"8218";611;5;"0995";"40"
"3121";"8219";492;5;"0995";"40"
"3122";"8221";407;5;"0995";"40"
"3123";"8222";618;5;"0995";"40"
"3124";"8223";199;3;"0995";"40"
"3125";"8224";209;2;"0995";"40"
"3126";"8225";210;2;"0995";"40"
"3127";"8226";253;2;"0995";"40"
"3128";"8231";229;2;"0995";"40"
"3129";"8232";220;2;"0995";"40"
"3130";"8233";156;2;"0995";"40"
"3131";"8239";109;4;"0995";"40"
"3132";"8241";542;5;"0995";"40"
"3133";"8242";270;3;"0995";"40"
"3134";"8243";248;3;"0995";"40"
"3135";"8244";314;4;"0995";"40"
"3136";"8245";340;4;"0995";"40"
"3137";"8251";263;3;"0303";"40"
"3138";"8252";299;4;"0303";"40"
"3139";"8253";335;4;"0303";"40"
"3140";"8254";201;3;"0303";"40"
"3141";"8255";267;4;"0303";"40"
"3142";"8256";280;5;"0303";"40"
"3143";"8261";205;2;"0166";"10"
"3144";"8262";222;2;"0166";"10"
"3145";"8263";368;4;"0166";"10"
"3146";"8264";285;2;"0166";"10"
"3147";"8265";249;2;"0166";"10"
"3148";"8266";320;3;"0166";"10"
"3149";"8267";377;4;"0166";"10"
"3150";"8271";323;3;"0166";"10"
"3151";"8274";312;5;"0166";"10"
"3152";"8275";399;5;"0166";"10"
"3153";"8276";406;5;"0166";"10"
"3154";"8277";337;5;"0166";"10"
"3155";"8278";451;5;"0166";"10"
"3156";"8281";272;4;"1896";"10"
"3157";"8291";-99997;5;"1896";"10"
"3158";"8293";526;5;"0166";"10"
"3159";"8294";397;5;"1896";"10"
"3160";"8301";181;2;"0171";"40"
"3161";"8302";294;3;"0171";"40"
"3162";"8303";203;3;"0171";"40"
"3163";"8304";219;4;"0171";"40"
"3164";"8305";490;5;"0171";"40"
"3165";"8307";278;5;"0171";"40"
"3166";"8308";284;5;"0171";"40"
"3167";"8309";309;5;"0171";"40"
"3168";"8311";310;5;"0171";"40"
"3169";"8312";310;5;"0171";"40"
"3170";"8313";347;5;"0171";"40"
"3171";"8314";316;5;"0171";"40"
"3172";"8315";247;5;"0171";"40"
"3173";"8316";274;5;"0171";"40"
"3174";"8317";304;5;"0171";"40"
"3175";"8319";-99997;5;"0171";"40"
"3176";"8321";278;3;"0184";"40"
"3177";"8322";318;3;"0184";"40"
"3178";"8325";233;4;"1708";"10"
"3179";"8326";317;5;"1708";"10"
"3180";"8331";203;3;"1708";"10"
"3181";"8332";262;4;"1708";"10"
"3182";"8333";291;5;"1708";"10"
"3183";"8334";315;5;"1708";"10"
"3184";"8335";324;5;"1708";"10"
"3185";"8336";435;5;"1708";"10"
"3186";"8337";370;5;"1708";"10"
"3187";"8338";310;5;"1708";"10"
"3188";"8339";362;5;"1708";"10"
"3189";"8341";254;5;"1708";"10"
"3190";"8342";403;5;"1708";"10"
"3191";"8343";305;4;"1708";"10"
"3192";"8344";369;5;"1708";"10"
"3193";"8345";411;5;"1708";"10"
"3194";"8346";578;5;"1708";"10"
"3195";"8347";354;5;"1708";"10"
"3196";"8351";382;5;"1701";"09"
"3197";"8355";395;5;"1708";"10"
"3198";"8356";270;5;"1708";"10"
"3199";"8361";429;5;"1708";"10"
"3200";"8362";444;5;"1708";"10"
"3201";"8363";522;5;"1708";"10"
"3202";"8371";264;5;"1708";"10"
"3203";"8372";419;5;"1708";"10"
"3204";"8373";319;5;"1708";"10"
"3205";"8374";241;5;"1708";"10"
"3206";"8375";252;5;"1708";"10"
"3207";"8376";288;5;"1708";"10"
"3208";"8377";358;5;"1708";"10"
"3209";"8378";422;5;"1708";"10"
"3210";"8381";284;5;"1701";"09"
"3211";"8382";370;5;"1701";"09"
"3212";"8383";378;5;"1701";"09"
"3213";"8384";209;5;"1701";"09"
"3214";"8385";337;5;"1701";"09"
"3215";"8386";461;5;"1701";"09"
"3216";"8387";556;5;"1701";"09"
"3217";"8388";330;5;"0098";"06"
"3218";"8389";356;5;"0098";"06"
"3219";"8391";227;5;"0098";"06"
"3220";"8392";319;5;"0098";"06"
"3221";"8393";410;5;"0098";"06"
"3222";"8394";361;5;"0098";"06"
"3223";"8395";287;5;"0098";"06"
"3224";"8396";372;5;"0098";"06"
"3225";"8397";250;5;"0098";"06"
"3226";"8398";387;5;"0098";"06"
"3227";"8401";239;4;"0086";"06"
"3228";"8403";362;5;"0086";"06"
"3229";"8404";319;5;"0086";"06"
"3230";"8405";337;5;"0086";"06"
"3231";"8406";297;5;"0086";"06"
"3232";"8407";320;5;"0086";"06"
"3233";"8408";311;5;"0086";"06"
"3234";"8409";321;5;"0086";"06"
"3235";"8411";269;5;"0074";"06"
"3236";"8412";401;5;"0074";"06"
"3237";"8413";409;5;"0074";"06"
"3238";"8414";284;5;"0074";"06"
"3239";"8415";394;5;"0074";"06"
"3240";"8421";310;5;"0085";"06"
"3241";"8422";366;5;"0085";"06"
"3242";"8423";313;5;"0085";"06"
"3243";"8424";352;5;"0085";"06"
"3244";"8425";384;5;"0085";"06"
"3245";"8426";262;5;"0085";"06"
"3246";"8427";370;5;"0085";"06"
"3247";"8428";396;5;"0085";"06"
"3248";"8431";222;4;"0085";"06"
"3249";"8432";360;5;"0085";"06"
"3250";"8433";255;5;"0085";"06"
"3251";"8434";299;5;"0085";"06"
"3252";"8435";299;5;"0085";"06"
"3253";"8437";326;5;"1701";"09"
"3254";"8438";597;5;"1701";"09"
"3255";"8439";519;5;"1701";"09"
"3256";"8441";236;2;"0074";"06"
"3257";"8442";185;2;"0074";"06"
"3258";"8443";245;3;"0074";"06"
"3259";"8444";275;4;"0074";"06"
"3260";"8445";492;4;"0074";"06"
"3261";"8446";206;2;"0074";"06"
"3262";"8447";233;3;"0074";"06"
"3263";"8448";357;4;"0074";"06"
"3264";"8449";352;5;"0074";"06"
"3265";"8451";223;5;"0074";"06"
"3266";"8452";434;5;"0074";"06"
"3267";"8453";521;4;"0074";"06"
"3268";"8454";347;5;"0074";"06"
"3269";"8455";437;5;"0074";"06"
"3270";"8456";330;5;"0074";"06"
"3271";"8457";430;5;"0074";"06"
"3272";"8458";315;5;"0074";"06"
"3273";"8459";324;5;"0074";"06"
"3274";"8461";313;5;"1940";"05"
"3275";"8462";381;5;"1940";"05"
"3276";"8463";313;5;"1940";"05"
"3277";"8464";283;5;"1940";"05"
"3278";"8465";310;5;"1940";"05"
"3279";"8466";326;4;"1940";"05"
"3280";"8467";343;5;"1940";"05"
"3281";"8468";318;5;"0074";"06"
"3282";"8469";283;5;"0074";"06"
"3283";"8471";211;3;"0098";"06"
"3284";"8472";312;4;"0098";"06"
"3285";"8474";323;5;"0098";"06"
"3286";"8475";384;5;"0098";"06"
"3287";"8476";397;5;"0098";"06"
"3288";"8477";410;5;"0098";"06"
"3289";"8478";406;5;"0098";"06"
"3290";"8479";390;5;"0098";"06"
"3291";"8481";361;5;"0098";"06"
"3292";"8482";376;5;"0098";"06"
"3293";"8483";293;5;"0098";"06"
"3294";"8484";284;5;"0098";"06"
"3295";"8485";306;5;"0098";"06"
"3296";"8486";365;5;"0098";"06"
"3297";"8487";400;5;"0098";"06"
"3298";"8488";375;5;"0098";"06"
"3299";"8489";270;5;"0098";"06"
"3300";"8491";247;4;"0074";"06"
"3301";"8493";352;5;"1940";"05"
"3302";"8494";423;5;"0074";"06"
"3303";"8495";253;5;"0074";"06"
"3304";"8497";485;5;"0090";"06"
"3305";"8501";232;3;"1940";"05"
"3306";"8502";346;4;"1940";"05"
"3307";"8503";448;5;"1940";"05"
"3308";"8505";505;5;"1940";"05"
"3309";"8506";304;5;"1940";"05"
"3310";"8507";351;5;"1940";"05"
"3311";"8508";345;5;"1940";"05"
"3312";"8511";437;5;"1940";"05"
"3313";"8512";679;5;"1940";"05"
"3314";"8513";260;5;"1940";"05"
"3315";"8514";399;5;"1940";"05"
"3316";"8515";377;5;"1940";"05"
"3317";"8516";393;5;"1940";"05"
"3318";"8517";268;5;"1940";"05"
"3319";"8521";258;5;"1940";"05"
"3320";"8522";417;5;"1940";"05"
"3321";"8523";261;5;"1940";"05"
"3322";"8524";637;5;"1940";"05"
"3323";"8525";304;5;"1940";"05"
"3324";"8526";495;5;"1940";"05"
"3325";"8527";431;5;"1940";"05"
"3326";"8528";680;5;"1940";"05"
"3327";"8529";408;5;"1900";"05"
"3328";"8531";243;4;"1940";"05"
"3329";"8532";414;4;"1940";"05"
"3330";"8534";430;5;"1940";"05"
"3331";"8535";425;5;"1940";"05"
"3332";"8536";266;5;"1940";"05"
"3333";"8537";268;5;"1940";"05"
"3334";"8538";359;5;"1940";"05"
"3335";"8539";259;5;"1940";"05"
"3336";"8541";417;5;"1940";"05"
"3337";"8542";338;5;"1940";"05"
"3338";"8551";285;5;"1900";"05"
"3339";"8552";566;5;"1900";"05"
"3340";"8553";418;5;"1900";"05"
"3341";"8554";440;5;"1900";"05"
"3342";"8556";269;5;"1940";"05"
"3343";"8561";249;4;"1940";"05"
"3344";"8563";329;5;"1940";"05"
"3345";"8564";405;5;"1940";"05"
"3346";"8565";346;5;"1940";"05"
"3347";"8566";346;5;"1940";"05"
"3348";"8567";309;5;"1940";"05"
"3349";"8571";432;5;"1940";"05"
"3350";"8572";360;5;"1940";"05"
"3351";"8573";444;5;"1940";"05"
"3352";"8574";215;5;"1940";"05"
"3353";"8581";346;5;"1940";"05"
"3354";"8582";273;5;"1940";"05"
"3355";"8583";299;5;"1940";"05"
"3356";"8584";260;5;"1900";"05"
"3357";"8601";257;2;"1900";"05"
"3358";"8602";204;2;"1900";"05"
"3359";"8603";265;2;"1900";"05"
"3360";"8604";299;3;"1900";"05"
"3361";"8605";216;2;"1900";"05"
"3362";"8606";200;2;"1900";"05"
"3363";"8607";255;3;"1900";"05"
"3364";"8608";186;3;"1900";"05"
"3365";"8611";285;5;"1900";"05"
"3366";"8612";423;5;"1900";"05"
"3367";"8613";290;5;"1900";"05"
"3368";"8614";257;5;"1900";"05"
"3369";"8615";257;5;"1900";"05"
"3370";"8616";342;5;"1900";"05"
"3371";"8617";351;5;"1900";"05"
"3372";"8618";304;5;"1900";"05"
"3373";"8621";285;5;"1900";"05"
"3374";"8622";264;5;"1900";"05"
"3375";"8623";301;5;"1900";"05"
"3376";"8624";412;5;"1900";"05"
"3377";"8625";286;5;"1900";"05"
"3378";"8626";382;5;"1900";"05"
"3379";"8627";283;5;"1900";"05"
"3380";"8628";342;5;"1900";"05"
"3381";"8629";283;5;"1900";"05"
"3382";"8631";453;5;"1900";"05"
"3383";"8632";346;5;"1900";"05"
"3384";"8633";305;5;"1900";"05"
"3385";"8635";290;5;"1900";"05"
"3386";"8636";321;5;"1900";"05"
"3387";"8637";272;5;"1900";"05"
"3388";"8641";238;5;"1900";"05"
"3389";"8642";324;5;"1900";"05"
"3390";"8644";309;5;"1900";"05"
"3391";"8647";256;5;"1900";"05"
"3392";"8651";265;5;"1900";"05"
"3393";"8658";319;5;"1900";"05"
"3394";"8701";205;3;"1900";"05"
"3395";"8702";317;4;"1900";"05"
"3396";"8711";250;4;"1900";"05"
"3397";"8713";241;5;"1900";"05"
"3398";"8715";241;5;"1900";"05"
"3399";"8721";260;5;"1900";"05"
"3400";"8722";286;5;"1900";"05"
"3401";"8723";260;5;"1900";"05"
"3402";"8724";352;5;"1900";"05"
"3403";"8731";239;5;"1900";"05"
"3404";"8732";309;5;"1900";"05"
"3405";"8733";351;5;"1900";"05"
"3406";"8734";244;5;"1900";"05"
"3407";"8735";256;5;"1900";"05"
"3408";"8736";292;5;"1900";"05"
"3409";"8737";320;5;"1900";"05"
"3410";"8741";353;5;"1900";"05"
"3411";"8742";287;5;"1900";"05"
"3412";"8743";356;5;"1900";"05"
"3413";"8744";272;5;"1900";"05"
"3414";"8745";314;5;"1900";"05"
"3415";"8746";290;5;"1900";"05"
"3416";"8747";283;5;"1900";"05"
"3417";"8748";219;5;"1900";"05"
"3418";"8749";239;5;"1900";"05"
"3419";"8751";187;5;"1900";"05"
"3420";"8752";160;5;"1900";"05"
"3421";"8753";373;5;"1900";"05"
"3422";"8754";230;5;"1900";"05"
"3423";"8755";353;5;"1900";"05"
"3424";"8756";338;5;"1900";"05"
"3425";"8757";284;5;"1900";"05"
"3426";"8758";405;5;"1900";"05"
"3427";"8759";265;5;"1900";"05"
"3428";"8761";292;5;"1900";"05"
"3429";"8762";373;5;"1900";"05"
"3430";"8763";284;5;"1900";"05"
"3431";"8764";272;5;"1900";"05"
"3432";"8765";319;5;"1900";"05"
"3433";"8771";273;5;"1900";"05"
"3434";"8772";351;5;"1900";"05"
"3435";"8773";277;5;"1900";"05"
"3436";"8774";357;5;"1900";"05"
"3437";"8775";311;5;"1900";"05"
"3438";"8801";195;3;"1949";"04"
"3439";"8802";211;4;"1949";"04"
"3440";"8804";211;5;"1949";"04"
"3441";"8805";230;5;"1949";"04"
"3442";"8806";209;5;"1949";"04"
"3443";"8807";223;5;"1949";"04"
"3444";"8808";185;5;"1949";"04"
"3445";"8809";294;5;"1949";"04"
"3446";"8811";208;5;"1949";"04"
"3447";"8812";227;5;"1949";"04"
"3448";"8813";289;5;"1949";"04"
"3449";"8814";283;5;"1949";"04"
"3450";"8816";309;5;"1949";"04"
"3451";"8821";239;5;"1900";"05"
"3452";"8822";245;5;"1900";"05"
"3453";"8823";253;5;"1900";"05"
"3454";"8831";216;5;"1949";"04"
"3455";"8832";277;5;"0080";"04"
"3456";"8833";386;5;"0080";"04"
"3457";"8834";276;5;"0080";"04"
"3458";"8835";250;5;"0080";"04"
"3459";"8841";256;5;"1949";"04"
"3460";"8842";241;5;"1949";"04"
"3461";"8843";234;5;"1949";"04"
"3462";"8844";391;5;"1900";"05"
"3463";"8845";333;5;"1900";"05"
"3464";"8851";186;5;"1949";"04"
"3465";"8852";337;5;"1949";"04"
"3466";"8853";386;5;"1949";"04"
"3467";"8854";193;5;"1949";"04"
"3468";"8855";186;5;"1949";"04"
"3469";"8856";268;5;"1949";"04"
"3470";"8857";235;5;"0072";"04"
"3471";"8861";213;3;"0072";"04"
"3472";"8862";203;3;"0072";"04"
"3473";"8871";343;5;"0072";"04"
"3474";"8872";217;5;"0072";"04"
"3475";"8881";360;5;"0093";"04"
"3476";"8882";502;5;"0093";"04"
"3477";"8883";581;5;"0093";"04"
"3478";"8884";424;5;"0093";"04"
"3479";"8885";446;5;"0093";"04"
"3480";"8891";368;5;"0093";"04"
"3481";"8892";476;5;"0093";"04"
"3482";"8893";478;5;"0093";"04"
"3483";"8894";566;5;"0093";"04"
"3484";"8895";516;5;"0093";"04"
"3485";"8896";439;5;"0093";"04"
"3486";"8897";474;5;"0093";"04"
"3487";"8899";328;5;"0096";"04"
"3488";"8911";136;1;"0080";"04"
"3489";"8912";381;4;"0080";"04"
"3490";"8913";246;1;"0080";"04"
"3491";"8914";250;2;"0080";"04"
"3492";"8915";179;2;"0080";"04"
"3493";"8916";201;1;"0080";"04"
"3494";"8917";226;1;"0080";"04"
"3495";"8918";147;2;"0080";"04"
"3496";"8919";273;3;"0080";"04"
"3497";"8921";160;1;"0080";"04"
"3498";"8922";129;1;"0080";"04"
"3499";"8923";159;2;"0080";"04"
"3500";"8924";122;2;"0080";"04"
"3501";"8925";249;3;"0080";"04"
"3502";"8926";191;3;"0080";"04"
"3503";"8927";497;4;"0080";"04"
"3504";"8931";155;2;"0080";"04"
"3505";"8932";170;1;"0080";"04"
"3506";"8933";177;1;"0080";"04"
"3507";"8934";203;1;"0080";"04"
"3508";"8935";185;2;"0080";"04"
"3509";"8936";155;2;"0080";"04"
"3510";"8937";82;2;"0080";"04"
"3511";"8938";386;4;"0080";"04"
"3512";"8939";383;4;"0080";"04"
"3513";"8941";356;5;"0080";"04"
"3514";"9001";253;4;"0080";"04"
"3515";"9003";230;5;"0080";"04"
"3516";"9004";466;5;"0080";"04"
"3517";"9005";254;5;"0080";"04"
"3518";"9006";476;5;"0080";"04"
"3519";"9007";278;5;"0080";"04"
"3520";"9008";235;5;"0080";"04"
"3521";"9009";362;5;"0080";"04"
"3522";"9011";233;5;"0080";"04"
"3523";"9012";274;5;"1900";"05"
"3524";"9013";289;5;"1900";"05"
"3525";"9014";265;5;"1900";"05"
"3526";"9021";236;5;"1900";"05"
"3527";"9022";292;5;"0080";"04"
"3528";"9023";270;5;"0080";"04"
"3529";"9024";220;5;"0080";"04"
"3530";"9025";326;5;"0080";"04"
"3531";"9026";408;5;"0080";"04"
"3532";"9027";284;5;"0080";"04"
"3533";"9031";234;5;"1949";"04"
"3534";"9032";292;5;"1949";"04"
"3535";"9033";239;5;"1949";"04"
"3536";"9034";207;5;"1949";"04"
"3537";"9035";241;5;"1949";"04"
"3538";"9036";222;5;"1949";"04"
"3539";"9037";327;5;"1949";"04"
"3540";"9038";223;5;"1949";"04"
"3541";"9041";208;5;"1949";"04"
"3542";"9043";231;5;"1949";"04"
"3543";"9044";212;5;"1949";"04"
"3544";"9045";214;5;"1949";"04"
"3545";"9047";201;5;"1949";"04"
"3546";"9051";243;4;"0080";"04"
"3547";"9053";317;5;"0080";"04"
"3548";"9054";210;5;"0080";"04"
"3549";"9055";223;5;"0080";"04"
"3550";"9056";248;5;"0080";"04"
"3551";"9057";273;5;"0080";"04"
"3552";"9061";242;5;"0737";"04"
"3553";"9062";220;5;"0737";"04"
"3554";"9063";284;5;"0737";"04"
"3555";"9064";281;5;"0737";"04"
"3556";"9067";384;5;"1891";"04"
"3557";"9071";230;5;"0080";"04"
"3558";"9072";182;5;"1949";"04"
"3559";"9073";222;5;"1970";"04"
"3560";"9074";217;5;"1970";"04"
"3561";"9075";168;5;"1949";"04"
"3562";"9076";196;5;"1949";"04"
"3563";"9077";209;5;"1949";"04"
"3564";"9078";200;5;"1949";"04"
"3565";"9079";181;5;"1949";"04"
"3566";"9081";226;5;"0080";"04"
"3567";"9082";457;5;"0080";"04"
"3568";"9083";294;3;"0080";"04"
"3569";"9084";352;4;"0080";"04"
"3570";"9085";330;4;"0080";"04"
"3571";"9086";487;5;"0080";"04"
"3572";"9087";427;5;"0080";"04"
"3573";"9088";253;5;"0080";"04"
"3574";"9089";250;5;"0080";"04"
"3575";"9091";335;5;"0737";"04"
"3576";"9101";223;3;"1970";"04"
"3577";"9102";257;4;"1970";"04"
"3578";"9103";305;4;"1970";"04"
"3579";"9104";249;4;"1891";"04"
"3580";"9105";267;5;"1891";"04"
"3581";"9106";424;5;"1891";"04"
"3582";"9107";380;5;"1970";"04"
"3583";"9108";267;5;"1891";"04"
"3584";"9109";342;5;"1891";"04"
"3585";"9111";239;5;"1970";"04"
"3586";"9112";290;5;"1970";"04"
"3587";"9113";292;5;"1891";"04"
"3588";"9114";291;5;"1891";"04"
"3589";"9121";339;5;"1970";"04"
"3590";"9122";351;5;"1970";"04"
"3591";"9123";195;5;"1970";"04"
"3592";"9124";302;5;"1970";"04"
"3593";"9125";269;5;"1970";"04"
"3594";"9131";231;5;"1970";"04"
"3595";"9132";235;5;"1970";"04"
"3596";"9133";222;5;"1970";"04"
"3597";"9134";210;5;"1970";"04"
"3598";"9135";234;5;"1970";"04"
"3599";"9136";212;5;"1970";"04"
"3600";"9137";226;5;"1970";"04"
"3601";"9138";240;5;"1970";"04"
"3602";"9141";169;5;"1970";"04"
"3603";"9142";181;5;"1970";"04"
"3604";"9143";212;5;"1970";"04"
"3605";"9144";274;5;"1970";"04"
"3606";"9145";206;5;"1970";"04"
"3607";"9146";364;5;"1970";"04"
"3608";"9147";206;5;"1970";"04"
"3609";"9148";362;5;"1970";"04"
"3610";"9151";193;5;"1970";"04"
"3611";"9152";271;5;"1970";"04"
"3612";"9153";240;5;"1970";"04"
"3613";"9154";351;5;"1970";"04"
"3614";"9155";262;5;"1970";"04"
"3615";"9156";339;5;"1970";"04"
"3616";"9161";289;5;"0060";"04"
"3617";"9162";330;5;"0060";"04"
"3618";"9163";313;5;"0060";"04"
"3619";"9164";340;5;"0060";"04"
"3620";"9166";331;5;"0088";"04"
"3621";"9171";225;5;"1970";"04"
"3622";"9172";193;5;"1970";"04"
"3623";"9173";304;5;"1970";"04"
"3624";"9174";302;5;"1970";"04"
"3625";"9175";332;5;"1970";"04"
"3626";"9176";283;5;"1970";"04"
"3627";"9177";355;5;"1970";"04"
"3628";"9178";275;5;"1970";"04"
"3629";"9201";181;2;"0090";"06"
"3630";"9202";168;2;"0090";"06"
"3631";"9203";213;2;"0090";"06"
"3632";"9204";269;3;"0090";"06"
"3633";"9205";224;4;"0090";"06"
"3634";"9206";369;4;"0090";"06"
"3635";"9207";286;3;"0090";"06"
"3636";"9207";286;3;"0086";"06"
"3637";"9211";511;5;"0090";"06"
"3638";"9212";294;5;"0090";"06"
"3639";"9213";561;5;"0090";"06"
"3640";"9214";523;5;"0090";"06"
"3641";"9215";409;5;"0090";"06"
"3642";"9216";300;5;"0090";"06"
"3643";"9217";317;5;"0090";"06"
"3644";"9218";298;5;"0090";"06"
"3645";"9219";376;5;"0090";"06"
"3646";"9221";270;5;"0090";"06"
"3647";"9222";309;5;"0090";"06"
"3648";"9223";272;5;"0090";"06"
"3649";"9231";220;4;"0059";"04"
"3650";"9233";268;5;"0059";"04"
"3651";"9241";296;5;"0086";"06"
"3652";"9243";-99997;5;"0086";"06"
"3653";"9244";306;5;"0086";"06"
"3654";"9245";321;5;"0086";"06"
"3655";"9246";479;5;"0086";"06"
"3656";"9247";283;5;"0086";"06"
"3657";"9248";355;5;"0086";"06"
"3658";"9249";298;5;"0086";"06"
"3659";"9251";246;4;"0737";"04"
"3660";"9254";227;4;"0737";"04"
"3661";"9255";266;5;"0737";"04"
"3662";"9256";275;5;"0737";"04"
"3663";"9257";269;5;"0737";"04"
"3664";"9258";272;5;"0737";"04"
"3665";"9261";273;5;"0737";"04"
"3666";"9262";258;5;"0737";"04"
"3667";"9263";266;5;"0737";"04"
"3668";"9264";280;5;"0737";"04"
"3669";"9265";309;5;"0737";"04"
"3670";"9269";251;5;"1891";"04"
"3671";"9271";218;4;"1891";"04"
"3672";"9281";236;5;"0059";"04"
"3673";"9283";268;5;"0059";"04"
"3674";"9284";243;5;"0059";"04"
"3675";"9285";218;4;"0059";"04"
"3676";"9286";227;5;"0059";"04"
"3677";"9287";218;5;"0059";"04"
"3678";"9288";210;5;"0059";"04"
"3679";"9289";230;5;"0059";"04"
"3680";"9291";230;4;"1970";"04"
"3681";"9292";401;5;"1970";"04"
"3682";"9293";239;5;"1970";"04"
"3683";"9294";284;5;"1970";"04"
"3684";"9295";267;5;"1970";"04"
"3685";"9296";329;5;"1970";"04"
"3686";"9297";295;5;"1970";"04"
"3687";"9298";236;5;"1970";"04"
"3688";"9299";254;5;"1970";"04"
"3689";"9301";258;3;"1699";"07"
"3690";"9302";326;4;"1699";"07"
"3691";"9304";475;5;"1699";"07"
"3692";"9305";353;5;"1699";"07"
"3693";"9306";441;5;"1699";"07"
"3694";"9307";300;5;"1699";"07"
"3695";"9311";334;4;"1699";"07"
"3696";"9312";353;4;"1699";"07"
"3697";"9313";427;5;"1699";"07"
"3698";"9314";477;5;"1699";"07"
"3699";"9315";396;5;"1699";"07"
"3700";"9321";358;5;"1699";"07"
"3701";"9331";258;5;"1699";"07"
"3702";"9333";462;5;"1699";"07"
"3703";"9334";371;5;"1699";"07"
"3704";"9335";513;5;"1699";"07"
"3705";"9336";431;5;"1699";"07"
"3706";"9337";467;5;"1699";"07"
"3707";"9341";262;5;"1699";"07"
"3708";"9342";285;5;"1699";"07"
"3709";"9343";436;5;"1699";"07"
"3710";"9351";253;4;"1969";"03"
"3711";"9354";310;5;"1969";"03"
"3712";"9354";310;5;"1699";"07"
"3713";"9355";426;5;"1969";"03"
"3714";"9356";234;4;"1969";"03"
"3715";"9359";391;5;"1969";"03"
"3716";"9361";345;5;"1969";"03"
"3717";"9362";303;5;"1969";"03"
"3718";"9363";272;4;"1969";"03"
"3719";"9364";313;5;"1969";"03"
"3720";"9365";364;5;"1969";"03"
"3721";"9366";353;5;"1969";"03"
"3722";"9367";271;5;"1969";"03"
"3723";"9401";240;2;"0106";"07"
"3724";"9402";199;2;"0106";"07"
"3725";"9403";271;3;"0106";"07"
"3726";"9404";215;3;"0106";"07"
"3727";"9405";270;4;"0106";"07"
"3728";"9406";187;2;"0106";"07"
"3729";"9407";197;3;"0106";"07"
"3730";"9408";322;4;"0106";"07"
"3731";"9409";442;5;"0106";"07"
"3732";"9411";239;4;"1731";"07"
"3733";"9412";300;5;"1731";"07"
"3734";"9413";352;5;"1731";"07"
"3735";"9414";297;5;"1731";"07"
"3736";"9415";295;5;"1731";"07"
"3737";"9416";238;5;"1731";"07"
"3738";"9417";372;5;"1731";"07"
"3739";"9417";372;5;"1701";"09"
"3740";"9418";279;5;"1731";"07"
"3741";"9419";352;5;"1731";"07"
"3742";"9421";238;5;"1731";"07"
"3743";"9422";227;5;"1731";"07"
"3744";"9423";243;5;"1731";"07"
"3745";"9423";243;5;"1701";"09"
"3746";"9431";282;5;"1731";"07"
"3747";"9432";367;5;"1731";"07"
"3748";"9433";375;5;"1731";"07"
"3749";"9434";410;5;"1731";"07"
"3750";"9435";467;5;"1731";"07"
"3751";"9436";336;5;"1731";"07"
"3752";"9437";339;5;"1731";"07"
"3753";"9438";368;5;"1731";"07"
"3754";"9439";293;5;"1731";"07"
"3755";"9441";355;5;"1731";"07"
"3756";"9442";351;5;"1731";"07"
"3757";"9443";376;5;"1680";"07"
"3758";"9444";352;5;"1680";"07"
"3759";"9445";465;5;"1680";"07"
"3760";"9446";442;5;"1680";"07"
"3761";"9447";520;5;"1680";"07"
"3762";"9448";401;5;"1680";"07"
"3763";"9449";361;5;"1680";"07"
"3764";"9451";283;5;"1680";"07"
"3765";"9452";449;5;"1680";"07"
"3766";"9453";409;5;"1680";"07"
"3767";"9454";375;5;"1680";"07"
"3768";"9455";-99997;5;"1680";"07"
"3769";"9456";506;5;"1680";"07"
"3770";"9457";484;5;"1680";"07"
"3771";"9458";474;5;"1680";"07"
"3772";"9459";-99997;5;"1680";"07"
"3773";"9461";283;4;"1680";"07"
"3774";"9462";298;5;"1680";"07"
"3775";"9463";315;5;"1680";"07"
"3776";"9464";328;5;"1680";"07"
"3777";"9465";395;5;"1680";"07"
"3778";"9466";404;5;"1680";"07"
"3779";"9467";372;5;"1680";"07"
"3780";"9468";297;5;"1680";"07"
"3781";"9469";443;5;"1680";"07"
"3782";"9471";308;4;"1730";"07"
"3783";"9472";285;5;"1730";"07"
"3784";"9473";342;5;"1730";"07"
"3785";"9474";334;5;"1730";"07"
"3786";"9475";458;5;"1730";"07"
"3787";"9479";484;5;"0014";"03"
"3788";"9481";297;5;"1730";"07"
"3789";"9482";331;5;"1730";"07"
"3790";"9483";379;5;"1730";"07"
"3791";"9484";407;5;"1730";"07"
"3792";"9485";426;5;"1730";"07"
"3793";"9486";478;5;"0106";"07"
"3794";"9487";394;5;"0106";"07"
"3795";"9488";425;5;"0106";"07"
"3796";"9489";380;5;"0106";"07"
"3797";"9491";351;5;"1730";"07"
"3798";"9492";392;5;"0106";"07"
"3799";"9493";396;5;"1730";"07"
"3800";"9494";295;5;"1730";"07"
"3801";"9495";503;5;"1730";"07"
"3802";"9496";486;5;"1730";"07"
"3803";"9497";404;5;"1730";"07"
"3804";"9501";195;3;"0037";"01"
"3805";"9502";203;4;"0037";"01"
"3806";"9503";210;4;"0037";"01"
"3807";"9511";259;5;"1680";"07"
"3808";"9512";284;5;"1680";"07"
"3809";"9514";209;5;"1680";"07"
"3810";"9515";247;5;"1680";"07"
"3811";"9521";200;5;"1681";"08"
"3812";"9523";249;5;"1681";"08"
"3813";"9524";281;5;"1681";"08"
"3814";"9525";298;5;"1681";"08"
"3815";"9526";350;5;"1681";"08"
"3816";"9527";415;5;"1681";"08"
"3817";"9528";304;5;"1681";"08"
"3818";"9531";254;5;"1681";"08"
"3819";"9533";348;5;"1681";"08"
"3820";"9534";356;5;"1681";"08"
"3821";"9535";366;5;"1681";"08"
"3822";"9536";344;5;"1681";"08"
"3823";"9537";416;5;"1681";"08"
"3824";"9541";241;5;"1950";"01"
"3825";"9545";256;5;"1950";"01"
"3826";"9551";276;5;"1950";"01"
"3827";"9561";214;4;"1950";"01"
"3828";"9563";239;5;"1950";"01"
"3829";"9564";195;5;"1681";"08"
"3830";"9566";237;5;"1950";"01"
"3831";"9571";215;5;"1681";"08"
"3832";"9573";274;5;"1681";"08"
"3833";"9574";286;5;"1681";"08"
"3834";"9581";194;4;"0037";"01"
"3835";"9584";256;5;"0037";"01"
"3836";"9585";281;5;"0037";"01"
"3837";"9591";249;5;"0037";"01"
"3838";"9601";157;2;"1952";"03"
"3839";"9602";146;2;"1952";"03"
"3840";"9603";276;3;"1952";"03"
"3841";"9605";245;5;"1952";"03"
"3842";"9606";444;5;"1952";"03"
"3843";"9607";150;5;"1952";"03"
"3844";"9608";257;5;"1952";"03"
"3845";"9609";219;5;"1952";"03"
"3846";"9611";193;3;"1952";"03"
"3847";"9613";453;5;"0014";"03"
"3848";"9614";349;5;"0014";"03"
"3849";"9615";222;5;"1952";"03"
"3850";"9616";328;5;"1952";"03"
"3851";"9617";298;5;"1952";"03"
"3852";"9618";253;5;"1952";"03"
"3853";"9619";252;5;"1952";"03"
"3854";"9621";214;5;"1952";"03"
"3855";"9622";333;5;"0014";"03"
"3856";"9623";316;5;"1952";"03"
"3857";"9624";395;5;"1952";"03"
"3858";"9625";271;5;"1952";"03"
"3859";"9626";252;5;"1952";"03"
"3860";"9627";274;5;"1952";"03"
"3861";"9628";222;5;"1952";"03"
"3862";"9629";285;5;"1952";"03"
"3863";"9631";266;5;"0047";"01"
"3864";"9632";292;5;"1952";"03"
"3865";"9633";281;5;"1952";"03"
"3866";"9635";224;5;"1952";"03"
"3867";"9636";220;5;"1952";"03"
"3868";"9641";162;3;"0047";"01"
"3869";"9642";165;3;"0047";"01"
"3870";"9644";200;5;"0047";"01"
"3871";"9645";148;3;"0047";"01"
"3872";"9646";248;3;"0047";"01"
"3873";"9648";215;4;"0047";"01"
"3874";"9649";183;4;"1952";"03"
"3875";"9651";219;5;"1952";"03"
"3876";"9654";229;5;"1680";"07"
"3877";"9655";312;5;"1680";"07"
"3878";"9656";277;5;"1680";"07"
"3879";"9657";336;5;"1680";"07"
"3880";"9658";306;5;"1680";"07"
"3881";"9659";209;5;"1680";"07"
"3882";"9661";251;5;"0037";"01"
"3883";"9663";180;5;"0765";"01"
"3884";"9665";159;4;"0765";"01"
"3885";"9671";194;2;"1895";"01"
"3886";"9672";245;4;"1895";"01"
"3887";"9673";189;3;"1895";"01"
"3888";"9674";196;3;"1895";"01"
"3889";"9675";208;3;"1895";"01"
"3890";"9677";210;5;"1895";"01"
"3891";"9678";248;5;"1895";"01"
"3892";"9679";222;4;"1895";"01"
"3893";"9681";216;5;"1895";"01"
"3894";"9682";233;5;"1895";"01"
"3895";"9684";196;5;"1895";"01"
"3896";"9685";454;5;"1895";"01"
"3897";"9686";183;5;"1895";"01"
"3898";"9687";254;5;"1895";"01"
"3899";"9688";171;5;"1895";"01"
"3900";"9691";169;5;"1895";"01"
"3901";"9693";144;5;"1895";"01"
"3902";"9695";234;5;"1950";"01"
"3903";"9696";262;5;"1950";"01"
"3904";"9697";229;5;"1950";"01"
"3905";"9698";265;5;"1950";"01"
"3906";"9699";271;5;"1950";"01"
"3907";"9711";240;1;"0014";"03"
"3908";"9712";258;1;"0014";"03"
"3909";"9713";212;1;"0014";"03"
"3910";"9714";226;1;"0014";"03"
"3911";"9715";189;1;"0014";"03"
"3912";"9716";183;1;"0014";"03"
"3913";"9717";256;1;"0014";"03"
"3914";"9718";256;1;"0014";"03"
"3915";"9721";270;1;"0014";"03"
"3916";"9722";295;1;"0014";"03"
"3917";"9723";318;2;"0014";"03"
"3918";"9724";232;1;"0014";"03"
"3919";"9725";239;1;"0014";"03"
"3920";"9726";215;1;"0014";"03"
"3921";"9727";274;1;"0014";"03"
"3922";"9728";272;2;"0014";"03"
"3923";"9731";300;2;"0014";"03"
"3924";"9732";205;3;"0014";"03"
"3925";"9733";188;3;"0014";"03"
"3926";"9734";296;3;"0014";"03"
"3927";"9735";415;3;"0014";"03"
"3928";"9736";173;2;"0014";"03"
"3929";"9737";191;2;"0014";"03"
"3930";"9738";321;3;"0014";"03"
"3931";"9741";195;1;"0014";"03"
"3932";"9742";204;1;"0014";"03"
"3933";"9743";196;1;"0014";"03"
"3934";"9744";225;4;"0014";"03"
"3935";"9745";249;4;"0014";"03"
"3936";"9746";316;3;"0014";"03"
"3937";"9747";309;3;"0014";"03"
"3938";"9749";461;5;"1699";"07"
"3939";"9751";419;3;"0014";"03"
"3940";"9752";420;4;"0014";"03"
"3941";"9753";305;4;"0014";"03"
"3942";"9755";469;5;"0014";"03"
"3943";"9756";518;5;"0014";"03"
"3944";"9761";311;4;"1730";"07"
"3945";"9765";348;4;"1730";"07"
"3946";"9766";664;5;"1730";"07"
"3947";"9771";238;5;"1966";"03"
"3948";"9773";326;5;"1966";"03"
"3949";"9774";264;5;"1966";"03"
"3950";"9781";237;4;"1966";"03"
"3951";"9784";346;5;"1966";"03"
"3952";"9785";295;5;"1966";"03"
"3953";"9791";231;4;"0014";"03"
"3954";"9792";201;5;"0014";"03"
"3955";"9793";245;5;"0014";"03"
"3956";"9794";265;5;"0014";"03"
"3957";"9795";237;5;"0014";"03"
"3958";"9796";303;5;"0014";"03"
"3959";"9797";314;5;"0014";"03"
"3960";"9798";287;5;"0014";"03"
"3961";"9801";281;4;"1969";"03"
"3962";"9804";248;5;"1969";"03"
"3963";"9805";340;4;"1969";"03"
"3964";"9811";247;5;"1969";"03"
"3965";"9812";286;5;"1969";"03"
"3966";"9821";282;5;"1969";"03"
"3967";"9822";239;5;"1969";"03"
"3968";"9824";327;5;"1969";"03"
"3969";"9825";387;5;"1969";"03"
"3970";"9827";375;5;"1969";"03"
"3971";"9828";277;5;"1969";"03"
"3972";"9831";235;5;"1969";"03"
"3973";"9832";295;5;"1969";"03"
"3974";"9833";284;5;"1969";"03"
"3975";"9841";-99997;5;"1969";"03"
"3976";"9842";191;5;"1969";"03"
"3977";"9843";224;5;"1969";"03"
"3978";"9844";220;5;"1969";"03"
"3979";"9845";207;5;"1969";"03"
"3980";"9851";229;5;"1970";"04"
"3981";"9852";251;5;"1970";"04"
"3982";"9853";195;5;"1970";"04"
"3983";"9861";229;5;"1969";"03"
"3984";"9862";304;5;"1969";"03"
"3985";"9863";286;5;"1969";"03"
"3986";"9864";251;5;"1969";"03"
"3987";"9865";295;5;"1969";"03"
"3988";"9866";264;5;"1969";"03"
"3989";"9871";178;5;"0059";"04"
"3990";"9872";255;5;"0059";"04"
"3991";"9873";204;5;"0059";"04"
"3992";"9881";232;5;"1969";"03"
"3993";"9882";176;5;"1969";"03"
"3994";"9883";212;5;"1969";"03"
"3995";"9884";299;5;"1969";"03"
"3996";"9885";282;5;"1969";"03"
"3997";"9886";229;5;"1969";"03"
"3998";"9891";203;5;"1969";"03"
"3999";"9892";287;5;"1969";"03"
"4000";"9893";228;5;"1969";"03"
"4001";"9901";182;3;"0003";"02"
"4002";"9902";171;3;"0003";"02"
"4003";"9903";245;4;"0003";"02"
"4004";"9904";230;5;"0010";"02"
"4005";"9905";201;5;"0010";"02"
"4006";"9906";156;5;"0010";"02"
"4007";"9907";247;5;"0010";"02"
"4008";"9908";208;5;"0010";"02"
"4009";"9909";193;5;"0010";"02"
"4010";"9911";219;5;"0024";"02"
"4011";"9912";237;5;"0024";"02"
"4012";"9913";263;5;"0024";"02"
"4013";"9914";222;5;"0024";"02"
"4014";"9915";188;5;"0024";"02"
"4015";"9917";235;5;"0024";"02"
"4016";"9918";231;5;"0024";"02"
"4017";"9919";194;5;"0024";"02"
"4018";"9921";210;5;"0024";"02"
"4019";"9922";245;5;"0024";"02"
"4020";"9923";225;5;"0024";"02"
"4021";"9924";-99997;5;"0024";"02"
"4022";"9925";339;5;"1966";"03"
"4023";"9931";149;3;"0010";"02"
"4024";"9932";179;4;"0010";"02"
"4025";"9933";143;4;"0010";"02"
"4026";"9934";169;3;"0010";"02"
"4027";"9936";141;4;"0010";"02"
"4028";"9937";252;5;"0010";"02"
"4029";"9939";283;5;"1952";"03"
"4030";"9942";214;5;"1895";"01"
"4031";"9943";212;5;"1895";"01"
"4032";"9944";210;5;"1895";"01"
"4033";"9945";176;5;"0010";"02"
"4034";"9946";168;5;"0010";"02"
"4035";"9947";192;5;"0010";"02"
"4036";"9948";161;5;"0010";"02"
"4037";"9949";202;5;"0010";"02"
"4038";"9951";245;4;"1966";"03"
"4039";"9953";187;5;"1966";"03"
"4040";"9954";357;5;"1966";"03"
"4041";"9955";262;5;"1966";"03"
"4042";"9956";225;5;"1966";"03"
"4043";"9957";294;5;"1966";"03"
"4044";"9959";244;5;"1966";"03"
"4045";"9961";247;5;"1966";"03"
"4046";"9962";223;5;"1966";"03"
"4047";"9963";216;5;"1966";"03"
"4048";"9964";193;5;"1966";"03"
"4049";"9965";193;5;"1966";"03"
"4050";"9966";231;5;"1966";"03"
"4051";"9967";201;5;"1966";"03"
"4052";"9968";240;5;"1966";"03"
"4053";"9969";212;5;"1966";"03"
"4054";"9971";160;5;"1966";"03"
"4055";"9972";249;5;"1966";"03"
"4056";"9973";230;5;"1966";"03"
"4057";"9974";171;5;"1966";"03"
"4058";"9975";237;5;"1966";"03"
"4059";"9976";170;5;"1966";"03"
"4060";"9977";196;5;"1966";"03"
"4061";"9978";270;5;"1966";"03"
"4062";"9981";187;4;"1966";"03"
"4063";"9982";192;5;"1966";"03"
"4064";"9983";183;5;"1966";"03"
"4065";"9984";211;5;"1966";"03"
"4066";"9985";249;5;"1966";"03"
"4067";"9986";226;5;"1966";"03"
"4068";"9987";187;5;"0024";"02"
"4069";"9988";197;5;"1966";"03"
"4070";"9989";187;5;"1966";"03"
"4071";"9991";187;5;"0024";"02"
"4072";"9992";271;5;"0024";"02"
"4073";"9993";298;5;"0024";"02"
"4074";"9994";350;5;"0024";"02"
"4075";"9995";182;5;"1966";"03"
"4076";"9996";215;5;"1966";"03"
"4077";"9997";219;5;"1966";"03"
"4078";"9998";286;5;"1966";"03"
"4079";"9999";270;5;"1966";"03"
"4080";"1044";NA;NA;"0363";"23"
"4081";"1045";NA;NA;"0363";"23"
"4082";"1322";NA;NA;"0034";"40"
"4083";"1327";NA;NA;"0034";"40"
"4084";"1329";NA;NA;"0034";"40"
"4085";"1364";NA;NA;"0034";"40"
"4086";"2236";NA;NA;"0537";"25"
"4087";"3165";NA;NA;"0613";"29"
"4088";"3196";NA;NA;"0599";"29"
"4089";"3197";NA;NA;"0599";"29"
"4090";"3198";NA;NA;"0599";"29"
"4091";"3895";NA;NA;"0050";"40"
"4092";"5656";NA;NA;"0772";"36"
"4093";"6199";NA;NA;"0888";"39"
"4094";"8766";NA;NA;"1900";"05"
"4095";"9979";NA;NA;"1966";"03"
